Host Country,Year,Status,Early Leaver %,COB
No Data,-,-,0,-
United Kingdom,'06,Employed,11,EU-28
United Kingdom,'06,Not Employed,4,EU-28
United Kingdom,'06,Employed,5,Extra-EU-28
United Kingdom,'06,Not Employed,5.9,Extra-EU-28
United Kingdom,'06,Employed,7.3,Foreign country
United Kingdom,'06,Not Employed,5.2,Foreign country
United Kingdom,'06,Employed,9.2,Reporting country
United Kingdom,'06,Not Employed,8,Reporting country
United Kingdom,'07,Employed,11,EU-28
United Kingdom,'07,Not Employed,4,EU-28
United Kingdom,'07,Employed,5,Extra-EU-28
United Kingdom,'07,Not Employed,5.9,Extra-EU-28
United Kingdom,'07,Employed,7.3,Foreign country
United Kingdom,'07,Not Employed,5.2,Foreign country
United Kingdom,'07,Employed,9.2,Reporting country
United Kingdom,'07,Not Employed,8,Reporting country
United Kingdom,'08,Employed,10.8,EU-28
United Kingdom,'08,Not Employed,4,EU-28
United Kingdom,'08,Employed,4.9,Extra-EU-28
United Kingdom,'08,Not Employed,7.6,Extra-EU-28
United Kingdom,'08,Employed,7.1,Foreign country
United Kingdom,'08,Not Employed,6.3,Foreign country
United Kingdom,'08,Employed,9.2,Reporting country
United Kingdom,'08,Not Employed,8.3,Reporting country
United Kingdom,'09,Employed,9.7,EU-28
United Kingdom,'09,Not Employed,4.5,EU-28
United Kingdom,'09,Employed,3.5,Extra-EU-28
United Kingdom,'09,Not Employed,6.7,Extra-EU-28
United Kingdom,'09,Employed,5.6,Foreign country
United Kingdom,'09,Not Employed,5.9,Foreign country
United Kingdom,'09,Employed,8,Reporting country
United Kingdom,'09,Not Employed,8.3,Reporting country
United Kingdom,'10,Employed,10.7,EU-28
United Kingdom,'10,Not Employed,2.4,EU-28
United Kingdom,'10,Employed,3,Extra-EU-28
United Kingdom,'10,Not Employed,5.5,Extra-EU-28
United Kingdom,'10,Employed,5.9,Foreign country
United Kingdom,'10,Not Employed,4.4,Foreign country
United Kingdom,'10,Employed,6.9,Reporting country
United Kingdom,'10,Not Employed,8.5,Reporting country
United Kingdom,'10,Employed,6.8,Total
United Kingdom,'10,Not Employed,8,Total
United Kingdom,'11,Employed,12,EU-28
United Kingdom,'11,Not Employed,4.1,EU-28
United Kingdom,'11,Employed,3.8,Extra-EU-28
United Kingdom,'11,Not Employed,5,Extra-EU-28
United Kingdom,'11,Employed,6.8,Foreign country
United Kingdom,'11,Not Employed,4.6,Foreign country
United Kingdom,'11,Employed,6.7,Reporting country
United Kingdom,'11,Not Employed,8.7,Reporting country
United Kingdom,'11,Employed,6.7,Total
United Kingdom,'11,Not Employed,8.2,Total
United Kingdom,'12,Employed,9.6,EU-28
United Kingdom,'12,Not Employed,6.3,EU-28
United Kingdom,'12,Employed,4,Extra-EU-28
United Kingdom,'12,Not Employed,5.4,Extra-EU-28
United Kingdom,'12,Employed,6.1,Foreign country
United Kingdom,'12,Not Employed,5.7,Foreign country
United Kingdom,'12,Employed,5.6,Reporting country
United Kingdom,'12,Not Employed,8,Reporting country
United Kingdom,'12,Employed,5.7,Total
United Kingdom,'12,Not Employed,7.7,Total
United Kingdom,'13,Employed,9.1,EU-28
United Kingdom,'13,Not Employed,4.6,EU-28
United Kingdom,'13,Employed,3.8,Extra-EU-28
United Kingdom,'13,Not Employed,3.9,Extra-EU-28
United Kingdom,'13,Employed,5.7,Foreign country
United Kingdom,'13,Not Employed,4.2,Foreign country
United Kingdom,'13,Employed,5.7,Reporting country
United Kingdom,'13,Not Employed,7,Reporting country
United Kingdom,'13,Employed,5.7,Total
United Kingdom,'13,Not Employed,6.7,Total
United Kingdom,'14,Employed,10.5,EU-28
United Kingdom,'14,Not Employed,4.1,EU-28
United Kingdom,'14,Employed,2.3,Extra-EU-28
United Kingdom,'14,Not Employed,3.8,Extra-EU-28
United Kingdom,'14,Employed,5.5,Foreign country
United Kingdom,'14,Not Employed,3.9,Foreign country
United Kingdom,'14,Employed,5.7,Reporting country
United Kingdom,'14,Not Employed,6.5,Reporting country
United Kingdom,'14,Employed,5.7,Total
United Kingdom,'14,Not Employed,6.1,Total
United Kingdom,'15,Employed,8.1,EU-28
United Kingdom,'15,Not Employed,3.8,EU-28
United Kingdom,'15,Employed,1.7,Extra-EU-28
United Kingdom,'15,Not Employed,2.8,Extra-EU-28
United Kingdom,'15,Employed,4.5,Foreign country
United Kingdom,'15,Not Employed,3.2,Foreign country
United Kingdom,'15,Employed,5.7,Reporting country
United Kingdom,'15,Not Employed,5.6,Reporting country
United Kingdom,'15,Employed,5.5,Total
United Kingdom,'15,Not Employed,5.3,Total
United Kingdom,'16,Employed,10.7,EU-28
United Kingdom,'16,Not Employed,3.5,EU-28
United Kingdom,'16,Employed,2.2,Extra-EU-28
United Kingdom,'16,Not Employed,3.3,Extra-EU-28
United Kingdom,'16,Employed,6,Foreign country
United Kingdom,'16,Not Employed,3.4,Foreign country
United Kingdom,'16,Employed,5.9,Reporting country
United Kingdom,'16,Not Employed,5.6,Reporting country
United Kingdom,'16,Employed,5.9,Total
United Kingdom,'16,Not Employed,5.3,Total
Turkey,'10,Employed,17.7,Total
Turkey,'10,Not Employed,25.3,Total
Turkey,'11,Employed,18.7,Total
Turkey,'11,Not Employed,23.1,Total
Turkey,'12,Employed,4.6,EU-28
Turkey,'12,Not Employed,6.2,EU-28
Turkey,'12,Employed,16.9,Extra-EU-28
Turkey,'12,Not Employed,24.8,Extra-EU-28
Turkey,'12,Employed,10.5,Foreign country
Turkey,'12,Not Employed,15.1,Foreign country
Turkey,'12,Employed,17.4,Reporting country
Turkey,'12,Not Employed,22.4,Reporting country
Turkey,'12,Employed,17.3,Total
Turkey,'12,Not Employed,22.3,Total
Turkey,'13,Employed,6.1,EU-28
Turkey,'13,Not Employed,9.4,EU-28
Turkey,'13,Employed,7.4,Extra-EU-28
Turkey,'13,Not Employed,27.7,Extra-EU-28
Turkey,'13,Employed,6.8,Foreign country
Turkey,'13,Not Employed,19.7,Foreign country
Turkey,'13,Employed,17.1,Reporting country
Turkey,'13,Not Employed,20.5,Reporting country
Turkey,'13,Employed,17,Total
Turkey,'13,Not Employed,20.5,Total
Turkey,'14,Not Employed,6.7,EU-28
Turkey,'14,Employed,25.6,Extra-EU-28
Turkey,'14,Not Employed,40.4,Extra-EU-28
Turkey,'14,Employed,20.8,Foreign country
Turkey,'14,Not Employed,33.6,Foreign country
Turkey,'14,Employed,17.7,Reporting country
Turkey,'14,Not Employed,20.3,Reporting country
Turkey,'14,Employed,17.8,Total
Turkey,'14,Not Employed,20.5,Total
Turkey,'15,Employed,8,EU-28
Turkey,'15,Not Employed,3.2,EU-28
Turkey,'15,Employed,29.1,Extra-EU-28
Turkey,'15,Not Employed,36.4,Extra-EU-28
Turkey,'15,Employed,24.6,Foreign country
Turkey,'15,Not Employed,29.4,Foreign country
Turkey,'15,Employed,17,Reporting country
Turkey,'15,Not Employed,18.9,Reporting country
Turkey,'15,Employed,17.2,Total
Turkey,'15,Not Employed,19.2,Total
Turkey,'16,Employed,3.4,EU-28
Turkey,'16,Not Employed,6,EU-28
Turkey,'16,Employed,29.1,Extra-EU-28
Turkey,'16,Not Employed,35.8,Extra-EU-28
Turkey,'16,Employed,25.5,Foreign country
Turkey,'16,Not Employed,31.7,Foreign country
Turkey,'16,Employed,15.7,Reporting country
Turkey,'16,Not Employed,18,Reporting country
Turkey,'16,Employed,16,Total
Turkey,'16,Not Employed,18.3,Total
Switzerland,'06,Employed,17.3,EU-28
Switzerland,'06,Employed,14.1,Extra-EU-28
Switzerland,'06,Not Employed,7.3,Extra-EU-28
Switzerland,'06,Employed,15.2,Foreign country
Switzerland,'06,Not Employed,6.1,Foreign country
Switzerland,'06,Employed,4.5,Reporting country
Switzerland,'06,Not Employed,2.2,Reporting country
Switzerland,'07,Employed,15.9,EU-28
Switzerland,'07,Employed,13.3,Extra-EU-28
Switzerland,'07,Not Employed,7.4,Extra-EU-28
Switzerland,'07,Employed,14.2,Foreign country
Switzerland,'07,Not Employed,5.9,Foreign country
Switzerland,'07,Employed,3.2,Reporting country
Switzerland,'07,Not Employed,1.5,Reporting country
Switzerland,'08,Employed,14.4,EU-28
Switzerland,'08,Employed,14.2,Extra-EU-28
Switzerland,'08,Not Employed,5.9,Extra-EU-28
Switzerland,'08,Employed,14.3,Foreign country
Switzerland,'08,Not Employed,5,Foreign country
Switzerland,'08,Employed,3.6,Reporting country
Switzerland,'08,Not Employed,1.4,Reporting country
Switzerland,'09,Employed,14.1,EU-28
Switzerland,'09,Employed,14.6,Extra-EU-28
Switzerland,'09,Not Employed,9.5,Extra-EU-28
Switzerland,'09,Employed,14.4,Foreign country
Switzerland,'09,Not Employed,7.1,Foreign country
Switzerland,'09,Employed,4,Reporting country
Switzerland,'09,Not Employed,2.3,Reporting country
Switzerland,'10,Employed,8.9,EU-28
Switzerland,'10,Not Employed,3.1,EU-28
Switzerland,'10,Employed,9.9,Extra-EU-28
Switzerland,'10,Not Employed,8,Extra-EU-28
Switzerland,'10,Employed,9.5,Foreign country
Switzerland,'10,Not Employed,6.2,Foreign country
Switzerland,'10,Employed,2.8,Reporting country
Switzerland,'10,Not Employed,1.7,Reporting country
Switzerland,'10,Employed,4,Total
Switzerland,'10,Not Employed,2.5,Total
Switzerland,'11,Employed,8.4,EU-28
Switzerland,'11,Not Employed,4.1,EU-28
Switzerland,'11,Employed,11.1,Extra-EU-28
Switzerland,'11,Not Employed,6.7,Extra-EU-28
Switzerland,'11,Employed,10.2,Foreign country
Switzerland,'11,Not Employed,5.8,Foreign country
Switzerland,'11,Employed,2.8,Reporting country
Switzerland,'11,Not Employed,1.3,Reporting country
Switzerland,'11,Employed,4.2,Total
Switzerland,'11,Not Employed,2.1,Total
Switzerland,'12,Employed,6.7,EU-28
Switzerland,'12,Not Employed,2.5,EU-28
Switzerland,'12,Employed,9.3,Extra-EU-28
Switzerland,'12,Not Employed,7.8,Extra-EU-28
Switzerland,'12,Employed,8.3,Foreign country
Switzerland,'12,Not Employed,5.8,Foreign country
Switzerland,'12,Employed,2.2,Reporting country
Switzerland,'12,Not Employed,1.5,Reporting country
Switzerland,'12,Employed,3.2,Total
Switzerland,'12,Not Employed,2.2,Total
Switzerland,'13,Employed,8.8,EU-28
Switzerland,'13,Not Employed,3.5,EU-28
Switzerland,'13,Employed,7.8,Extra-EU-28
Switzerland,'13,Not Employed,7.3,Extra-EU-28
Switzerland,'13,Employed,8.2,Foreign country
Switzerland,'13,Not Employed,5.9,Foreign country
Switzerland,'13,Employed,2.3,Reporting country
Switzerland,'13,Not Employed,1.4,Reporting country
Switzerland,'13,Employed,3.3,Total
Switzerland,'13,Not Employed,2.1,Total
Switzerland,'14,Employed,5.1,EU-28
Switzerland,'14,Not Employed,2.7,EU-28
Switzerland,'14,Employed,6,Extra-EU-28
Switzerland,'14,Not Employed,6.3,Extra-EU-28
Switzerland,'14,Employed,5.7,Foreign country
Switzerland,'14,Not Employed,5,Foreign country
Switzerland,'14,Employed,2.5,Reporting country
Switzerland,'14,Not Employed,1.9,Reporting country
Switzerland,'14,Employed,3,Total
Switzerland,'14,Not Employed,2.4,Total
Switzerland,'15,Employed,7.7,EU-28
Switzerland,'15,Not Employed,3.3,EU-28
Switzerland,'15,Employed,6.1,Extra-EU-28
Switzerland,'15,Not Employed,8.2,Extra-EU-28
Switzerland,'15,Employed,6.8,Foreign country
Switzerland,'15,Not Employed,6.1,Foreign country
Switzerland,'15,Employed,2,Reporting country
Switzerland,'15,Not Employed,1.5,Reporting country
Switzerland,'15,Employed,2.8,Total
Switzerland,'15,Not Employed,2.3,Total
Switzerland,'16,Employed,5.4,EU-28
Switzerland,'16,Not Employed,2.8,EU-28
Switzerland,'16,Employed,7.1,Extra-EU-28
Switzerland,'16,Not Employed,8.4,Extra-EU-28
Switzerland,'16,Employed,6.3,Foreign country
Switzerland,'16,Not Employed,5.9,Foreign country
Switzerland,'16,Employed,1.8,Reporting country
Switzerland,'16,Not Employed,1.4,Reporting country
Switzerland,'16,Employed,2.6,Total
Switzerland,'16,Not Employed,2.2,Total
Sweden,'06,Employed,7.4,Extra-EU-28
Sweden,'06,Not Employed,7.9,Extra-EU-28
Sweden,'06,Employed,7.6,Foreign country
Sweden,'06,Not Employed,7.2,Foreign country
Sweden,'06,Employed,4.2,Reporting country
Sweden,'06,Not Employed,3.6,Reporting country
Sweden,'07,Employed,8.5,Extra-EU-28
Sweden,'07,Not Employed,7.7,Extra-EU-28
Sweden,'07,Employed,8.2,Foreign country
Sweden,'07,Not Employed,6.9,Foreign country
Sweden,'07,Employed,4.4,Reporting country
Sweden,'07,Not Employed,2.7,Reporting country
Sweden,'08,Employed,9.1,Extra-EU-28
Sweden,'08,Not Employed,7,Extra-EU-28
Sweden,'08,Employed,8.3,Foreign country
Sweden,'08,Not Employed,6.4,Foreign country
Sweden,'08,Employed,3.8,Reporting country
Sweden,'08,Not Employed,3.2,Reporting country
Sweden,'09,Employed,5.8,Extra-EU-28
Sweden,'09,Not Employed,6.8,Extra-EU-28
Sweden,'09,Employed,5.4,Foreign country
Sweden,'09,Not Employed,6.5,Foreign country
Sweden,'09,Employed,3.1,Reporting country
Sweden,'09,Not Employed,3.3,Reporting country
Sweden,'10,Employed,5.3,Extra-EU-28
Sweden,'10,Not Employed,6,Extra-EU-28
Sweden,'10,Employed,5.1,Foreign country
Sweden,'10,Not Employed,5.7,Foreign country
Sweden,'10,Employed,3,Reporting country
Sweden,'10,Not Employed,3,Reporting country
Sweden,'10,Employed,3.2,Total
Sweden,'10,Not Employed,3.3,Total
Sweden,'11,Employed,7.3,EU-28
Sweden,'11,Employed,5.4,Extra-EU-28
Sweden,'11,Not Employed,6.7,Extra-EU-28
Sweden,'11,Employed,5.7,Foreign country
Sweden,'11,Not Employed,6.6,Foreign country
Sweden,'11,Employed,3.2,Reporting country
Sweden,'11,Not Employed,2.7,Reporting country
Sweden,'11,Employed,3.5,Total
Sweden,'11,Not Employed,3.2,Total
Sweden,'12,Employed,5.6,Extra-EU-28
Sweden,'12,Not Employed,7.6,Extra-EU-28
Sweden,'12,Employed,5.5,Foreign country
Sweden,'12,Not Employed,7.3,Foreign country
Sweden,'12,Employed,3.6,Reporting country
Sweden,'12,Not Employed,3.1,Reporting country
Sweden,'12,Employed,3.8,Total
Sweden,'12,Not Employed,3.7,Total
Sweden,'13,Employed,5.2,Extra-EU-28
Sweden,'13,Not Employed,7.8,Extra-EU-28
Sweden,'13,Employed,4.7,Foreign country
Sweden,'13,Not Employed,7.4,Foreign country
Sweden,'13,Employed,3.4,Reporting country
Sweden,'13,Not Employed,2.9,Reporting country
Sweden,'13,Employed,3.5,Total
Sweden,'13,Not Employed,3.5,Total
Sweden,'14,Not Employed,6.4,EU-28
Sweden,'14,Employed,5.8,Extra-EU-28
Sweden,'14,Not Employed,7.2,Extra-EU-28
Sweden,'14,Employed,5.5,Foreign country
Sweden,'14,Not Employed,7.1,Foreign country
Sweden,'14,Employed,3.1,Reporting country
Sweden,'14,Not Employed,2.6,Reporting country
Sweden,'14,Employed,3.5,Total
Sweden,'14,Not Employed,3.2,Total
Sweden,'15,Not Employed,5.9,EU-28
Sweden,'15,Employed,6.4,Extra-EU-28
Sweden,'15,Not Employed,8,Extra-EU-28
Sweden,'15,Employed,6.2,Foreign country
Sweden,'15,Not Employed,7.6,Foreign country
Sweden,'15,Employed,3.5,Reporting country
Sweden,'15,Not Employed,2.4,Reporting country
Sweden,'15,Employed,3.9,Total
Sweden,'15,Not Employed,3.1,Total
Sweden,'16,Employed,6.8,EU-28
Sweden,'16,Not Employed,7.3,EU-28
Sweden,'16,Employed,7.3,Extra-EU-28
Sweden,'16,Not Employed,8.1,Extra-EU-28
Sweden,'16,Employed,7.2,Foreign country
Sweden,'16,Not Employed,7.9,Foreign country
Sweden,'16,Employed,3.5,Reporting country
Sweden,'16,Not Employed,2.4,Reporting country
Sweden,'16,Employed,4.1,Total
Sweden,'16,Not Employed,3.3,Total
Spain,'06,Employed,28.3,EU-28
Spain,'06,Not Employed,11.4,EU-28
Spain,'06,Employed,29,Extra-EU-28
Spain,'06,Not Employed,16.3,Extra-EU-28
Spain,'06,Employed,28.8,Foreign country
Spain,'06,Not Employed,15,Foreign country
Spain,'06,Employed,20.6,Reporting country
Spain,'06,Not Employed,7.4,Reporting country
Spain,'07,Employed,26.8,EU-28
Spain,'07,Not Employed,13.6,EU-28
Spain,'07,Employed,29.2,Extra-EU-28
Spain,'07,Not Employed,16.3,Extra-EU-28
Spain,'07,Employed,28.5,Foreign country
Spain,'07,Not Employed,15.5,Foreign country
Spain,'07,Employed,20.6,Reporting country
Spain,'07,Not Employed,7.7,Reporting country
Spain,'08,Employed,23.2,EU-28
Spain,'08,Not Employed,18.8,EU-28
Spain,'08,Employed,27.6,Extra-EU-28
Spain,'08,Not Employed,19.4,Extra-EU-28
Spain,'08,Employed,26.4,Foreign country
Spain,'08,Not Employed,19.2,Foreign country
Spain,'08,Employed,18.7,Reporting country
Spain,'08,Not Employed,10,Reporting country
Spain,'09,Employed,21.6,EU-28
Spain,'09,Not Employed,21.8,EU-28
Spain,'09,Employed,19.2,Extra-EU-28
Spain,'09,Not Employed,26.5,Extra-EU-28
Spain,'09,Employed,19.9,Foreign country
Spain,'09,Not Employed,25.3,Foreign country
Spain,'09,Employed,14.3,Reporting country
Spain,'09,Not Employed,13.4,Reporting country
Spain,'10,Employed,18.3,EU-28
Spain,'10,Not Employed,22,EU-28
Spain,'10,Employed,18.1,Extra-EU-28
Spain,'10,Not Employed,25.8,Extra-EU-28
Spain,'10,Employed,18.1,Foreign country
Spain,'10,Not Employed,24.9,Foreign country
Spain,'10,Employed,11.7,Reporting country
Spain,'10,Not Employed,13.4,Reporting country
Spain,'10,Employed,12.8,Total
Spain,'10,Not Employed,15.4,Total
Spain,'11,Employed,17.4,EU-28
Spain,'11,Not Employed,22.2,EU-28
Spain,'11,Employed,17,Extra-EU-28
Spain,'11,Not Employed,24.5,Extra-EU-28
Spain,'11,Employed,17.1,Foreign country
Spain,'11,Not Employed,24,Foreign country
Spain,'11,Employed,10,Reporting country
Spain,'11,Not Employed,13.2,Reporting country
Spain,'11,Employed,11.3,Total
Spain,'11,Not Employed,15.1,Total
Spain,'12,Employed,14.3,EU-28
Spain,'12,Not Employed,24.3,EU-28
Spain,'12,Employed,14.6,Extra-EU-28
Spain,'12,Not Employed,25.9,Extra-EU-28
Spain,'12,Employed,14.6,Foreign country
Spain,'12,Not Employed,25.6,Foreign country
Spain,'12,Employed,8.1,Reporting country
Spain,'12,Not Employed,13.3,Reporting country
Spain,'12,Employed,9.3,Total
Spain,'12,Not Employed,15.5,Total
Spain,'13,Employed,13.5,EU-28
Spain,'13,Not Employed,26.6,EU-28
Spain,'13,Employed,13,Extra-EU-28
Spain,'13,Not Employed,24.8,Extra-EU-28
Spain,'13,Employed,13.1,Foreign country
Spain,'13,Not Employed,25.2,Foreign country
Spain,'13,Employed,7,Reporting country
Spain,'13,Not Employed,13.6,Reporting country
Spain,'13,Employed,8,Total
Spain,'13,Not Employed,15.5,Total
Spain,'14,Employed,12.2,EU-28
Spain,'14,Not Employed,24.3,EU-28
Spain,'14,Employed,12.8,Extra-EU-28
Spain,'14,Not Employed,25.3,Extra-EU-28
Spain,'14,Employed,12.7,Foreign country
Spain,'14,Not Employed,25.1,Foreign country
Spain,'14,Employed,6.5,Reporting country
Spain,'14,Not Employed,12.4,Reporting country
Spain,'14,Employed,7.5,Total
Spain,'14,Not Employed,14.4,Total
Spain,'15,Employed,18.2,EU-28
Spain,'15,Not Employed,17.9,EU-28
Spain,'15,Employed,13.2,Extra-EU-28
Spain,'15,Not Employed,19.4,Extra-EU-28
Spain,'15,Employed,14.2,Foreign country
Spain,'15,Not Employed,19.1,Foreign country
Spain,'15,Employed,6.6,Reporting country
Spain,'15,Not Employed,10.8,Reporting country
Spain,'15,Employed,7.8,Total
Spain,'15,Not Employed,12.1,Total
Spain,'16,Employed,15.6,EU-28
Spain,'16,Not Employed,21,EU-28
Spain,'16,Employed,12.7,Extra-EU-28
Spain,'16,Not Employed,19.2,Extra-EU-28
Spain,'16,Employed,13.3,Foreign country
Spain,'16,Not Employed,19.5,Foreign country
Spain,'16,Employed,6.4,Reporting country
Spain,'16,Not Employed,9.7,Reporting country
Spain,'16,Employed,7.6,Total
Spain,'16,Not Employed,11.4,Total
Slovenia,'06,Employed,2.5,Reporting country
Slovenia,'06,Not Employed,3,Reporting country
Slovenia,'07,Employed,2.2,Reporting country
Slovenia,'07,Not Employed,1.9,Reporting country
Slovenia,'08,Employed,3.1,Reporting country
Slovenia,'08,Not Employed,1.7,Reporting country
Slovenia,'09,Not Employed,9,Extra-EU-28
Slovenia,'09,Not Employed,7.8,Foreign country
Slovenia,'09,Employed,2.6,Reporting country
Slovenia,'09,Not Employed,2.4,Reporting country
Slovenia,'10,Not Employed,11.6,Extra-EU-28
Slovenia,'10,Employed,9.1,Foreign country
Slovenia,'10,Not Employed,11,Foreign country
Slovenia,'10,Employed,1.9,Reporting country
Slovenia,'10,Not Employed,2.6,Reporting country
Slovenia,'10,Employed,2.1,Total
Slovenia,'10,Not Employed,2.9,Total
Slovenia,'11,Not Employed,8.4,Extra-EU-28
Slovenia,'11,Not Employed,11.1,Foreign country
Slovenia,'11,Employed,1.1,Reporting country
Slovenia,'11,Not Employed,2.5,Reporting country
Slovenia,'11,Employed,1.4,Total
Slovenia,'11,Not Employed,2.8,Total
Slovenia,'12,Employed,1,Reporting country
Slovenia,'12,Not Employed,3.1,Reporting country
Slovenia,'12,Employed,1.1,Total
Slovenia,'12,Not Employed,3.3,Total
Slovenia,'13,Not Employed,12.3,Extra-EU-28
Slovenia,'13,Not Employed,10.7,Foreign country
Slovenia,'13,Employed,0.9,Reporting country
Slovenia,'13,Not Employed,2.6,Reporting country
Slovenia,'13,Employed,1,Total
Slovenia,'13,Not Employed,2.9,Total
Slovenia,'14,Not Employed,11.1,Extra-EU-28
Slovenia,'14,Not Employed,10.5,Foreign country
Slovenia,'14,Employed,1.4,Reporting country
Slovenia,'14,Not Employed,2.6,Reporting country
Slovenia,'14,Employed,1.5,Total
Slovenia,'14,Not Employed,2.9,Total
Slovenia,'15,Not Employed,15,Extra-EU-28
Slovenia,'15,Not Employed,14.1,Foreign country
Slovenia,'15,Employed,1.6,Reporting country
Slovenia,'15,Not Employed,2.7,Reporting country
Slovenia,'15,Employed,1.7,Total
Slovenia,'15,Not Employed,3.3,Total
Slovenia,'16,Not Employed,12,Extra-EU-28
Slovenia,'16,Not Employed,10.3,Foreign country
Slovenia,'16,Employed,1.5,Reporting country
Slovenia,'16,Not Employed,2.9,Reporting country
Slovenia,'16,Employed,1.7,Total
Slovenia,'16,Not Employed,3.2,Total
Slovakia,'06,Employed,1.2,Reporting country
Slovakia,'06,Not Employed,5.5,Reporting country
Slovakia,'07,Employed,1.4,Reporting country
Slovakia,'07,Not Employed,5.1,Reporting country
Slovakia,'08,Employed,1.3,Reporting country
Slovakia,'08,Not Employed,4.7,Reporting country
Slovakia,'09,Employed,1,Reporting country
Slovakia,'09,Not Employed,3.9,Reporting country
Slovakia,'10,Employed,1,Reporting country
Slovakia,'10,Not Employed,3.7,Reporting country
Slovakia,'10,Employed,1,Total
Slovakia,'10,Not Employed,3.7,Total
Slovakia,'11,Employed,1.3,Reporting country
Slovakia,'11,Not Employed,3.8,Reporting country
Slovakia,'11,Employed,1.3,Total
Slovakia,'11,Not Employed,3.8,Total
Slovakia,'12,Employed,1.2,Reporting country
Slovakia,'12,Not Employed,4.1,Reporting country
Slovakia,'12,Employed,1.2,Total
Slovakia,'12,Not Employed,4.1,Total
Slovakia,'13,Employed,1.8,Reporting country
Slovakia,'13,Not Employed,4.7,Reporting country
Slovakia,'13,Employed,1.8,Total
Slovakia,'13,Not Employed,4.6,Total
Slovakia,'14,Employed,1.8,Reporting country
Slovakia,'14,Not Employed,4.9,Reporting country
Slovakia,'14,Employed,1.8,Total
Slovakia,'14,Not Employed,4.9,Total
Slovakia,'15,Employed,1.6,Reporting country
Slovakia,'15,Not Employed,5.3,Reporting country
Slovakia,'15,Employed,1.6,Total
Slovakia,'15,Not Employed,5.3,Total
Slovakia,'16,Employed,2,Reporting country
Slovakia,'16,Not Employed,5.4,Reporting country
Slovakia,'16,Employed,2,Total
Slovakia,'16,Not Employed,5.4,Total
Romania,'06,Employed,9.6,Reporting country
Romania,'06,Not Employed,8.2,Reporting country
Romania,'07,Employed,9.6,Reporting country
Romania,'07,Not Employed,7.6,Reporting country
Romania,'08,Employed,9.1,Reporting country
Romania,'08,Not Employed,6.8,Reporting country
Romania,'09,Employed,9.1,Reporting country
Romania,'09,Not Employed,7.5,Reporting country
Romania,'10,Employed,10.1,Reporting country
Romania,'10,Not Employed,9.2,Reporting country
Romania,'10,Employed,10.1,Total
Romania,'10,Not Employed,9.2,Total
Romania,'11,Employed,8.7,Reporting country
Romania,'11,Not Employed,9.5,Reporting country
Romania,'11,Employed,8.7,Total
Romania,'11,Not Employed,9.5,Total
Romania,'12,Employed,9.1,Reporting country
Romania,'12,Not Employed,8.6,Reporting country
Romania,'12,Employed,9.1,Total
Romania,'12,Not Employed,8.6,Total
Romania,'13,Employed,8.8,Reporting country
Romania,'13,Not Employed,8.6,Reporting country
Romania,'13,Employed,8.8,Total
Romania,'13,Not Employed,8.5,Total
Romania,'14,Employed,9.1,Reporting country
Romania,'14,Not Employed,9.1,Reporting country
Romania,'14,Employed,9.1,Total
Romania,'14,Not Employed,9,Total
Romania,'15,Employed,9.4,Reporting country
Romania,'15,Not Employed,9.7,Reporting country
Romania,'15,Employed,9.3,Total
Romania,'15,Not Employed,9.7,Total
Romania,'16,Employed,8.7,Reporting country
Romania,'16,Not Employed,9.8,Reporting country
Romania,'16,Employed,8.7,Total
Romania,'16,Not Employed,9.8,Total
Portugal,'06,Employed,30.6,Extra-EU-28
Portugal,'06,Employed,25.7,Foreign country
Portugal,'06,Not Employed,8.6,Foreign country
Portugal,'06,Employed,30.1,Reporting country
Portugal,'06,Not Employed,8.7,Reporting country
Portugal,'07,Employed,27.2,Extra-EU-28
Portugal,'07,Employed,26.2,Foreign country
Portugal,'07,Not Employed,7.4,Foreign country
Portugal,'07,Employed,27.4,Reporting country
Portugal,'07,Not Employed,9.3,Reporting country
Portugal,'08,Employed,23.1,Extra-EU-28
Portugal,'08,Not Employed,10.8,Extra-EU-28
Portugal,'08,Employed,24.1,Foreign country
Portugal,'08,Not Employed,9.8,Foreign country
Portugal,'08,Employed,26.7,Reporting country
Portugal,'08,Not Employed,8.3,Reporting country
Portugal,'09,Employed,16.9,Extra-EU-28
Portugal,'09,Not Employed,12.8,Extra-EU-28
Portugal,'09,Employed,17.2,Foreign country
Portugal,'09,Not Employed,12.4,Foreign country
Portugal,'09,Employed,22.1,Reporting country
Portugal,'09,Not Employed,8.9,Reporting country
Portugal,'10,Employed,14.9,Extra-EU-28
Portugal,'10,Not Employed,16.3,Extra-EU-28
Portugal,'10,Employed,13.3,Foreign country
Portugal,'10,Not Employed,14.1,Foreign country
Portugal,'10,Employed,19.6,Reporting country
Portugal,'10,Not Employed,8.7,Reporting country
Portugal,'10,Employed,19.1,Total
Portugal,'10,Not Employed,9.2,Total
Portugal,'11,Employed,15.8,Extra-EU-28
Portugal,'11,Employed,14.9,Foreign country
Portugal,'11,Employed,13.8,Reporting country
Portugal,'11,Not Employed,9.2,Reporting country
Portugal,'11,Employed,13.9,Total
Portugal,'11,Not Employed,9,Total
Portugal,'12,Employed,10.9,Foreign country
Portugal,'12,Not Employed,9.1,Foreign country
Portugal,'12,Employed,11.3,Reporting country
Portugal,'12,Not Employed,9.2,Reporting country
Portugal,'12,Employed,11.3,Total
Portugal,'12,Not Employed,9.2,Total
Portugal,'13,Employed,11.1,Extra-EU-28
Portugal,'13,Not Employed,11.6,Extra-EU-28
Portugal,'13,Employed,10.3,Foreign country
Portugal,'13,Not Employed,9.7,Foreign country
Portugal,'13,Employed,9.9,Reporting country
Portugal,'13,Not Employed,8.9,Reporting country
Portugal,'13,Employed,9.9,Total
Portugal,'13,Not Employed,9,Total
Portugal,'14,Employed,10.1,Extra-EU-28
Portugal,'14,Employed,10.7,Foreign country
Portugal,'14,Not Employed,7.5,Foreign country
Portugal,'14,Employed,9.1,Reporting country
Portugal,'14,Not Employed,8.3,Reporting country
Portugal,'14,Employed,9.2,Total
Portugal,'14,Not Employed,8.2,Total
Portugal,'15,Employed,7.8,Foreign country
Portugal,'15,Not Employed,8.4,Foreign country
Portugal,'15,Employed,7.4,Reporting country
Portugal,'15,Not Employed,6.1,Reporting country
Portugal,'15,Employed,7.4,Total
Portugal,'15,Not Employed,6.3,Total
Portugal,'16,Not Employed,8.6,Foreign country
Portugal,'16,Employed,7.6,Reporting country
Portugal,'16,Not Employed,6.4,Reporting country
Portugal,'16,Employed,7.4,Total
Portugal,'16,Not Employed,6.5,Total
Poland,'06,Employed,1.6,Reporting country
Poland,'06,Not Employed,3.8,Reporting country
Poland,'07,Employed,2,Reporting country
Poland,'07,Not Employed,3,Reporting country
Poland,'08,Employed,2.2,Reporting country
Poland,'08,Not Employed,2.8,Reporting country
Poland,'09,Employed,2.1,Reporting country
Poland,'09,Not Employed,3.1,Reporting country
Poland,'10,Employed,2,Reporting country
Poland,'10,Not Employed,3.4,Reporting country
Poland,'10,Employed,2,Total
Poland,'10,Not Employed,3.4,Total
Poland,'11,Employed,2.1,Reporting country
Poland,'11,Not Employed,3.6,Reporting country
Poland,'11,Employed,2.1,Total
Poland,'11,Not Employed,3.5,Total
Poland,'12,Employed,2.2,Reporting country
Poland,'12,Not Employed,3.5,Reporting country
Poland,'12,Employed,2.2,Total
Poland,'12,Not Employed,3.5,Total
Poland,'13,Employed,2.1,Reporting country
Poland,'13,Not Employed,3.6,Reporting country
Poland,'13,Employed,2.1,Total
Poland,'13,Not Employed,3.6,Total
Poland,'14,Employed,1.9,Reporting country
Poland,'14,Not Employed,3.4,Reporting country
Poland,'14,Employed,1.9,Total
Poland,'14,Not Employed,3.4,Total
Poland,'15,Employed,2,Reporting country
Poland,'15,Not Employed,3.3,Reporting country
Poland,'15,Employed,2,Total
Poland,'15,Not Employed,3.3,Total
Poland,'16,Employed,1.9,Reporting country
Poland,'16,Not Employed,3.2,Reporting country
Poland,'16,Employed,1.9,Total
Poland,'16,Not Employed,3.2,Total
Norway,'06,Employed,16.8,Extra-EU-28
Norway,'06,Not Employed,7.8,Extra-EU-28
Norway,'06,Employed,16.2,Foreign country
Norway,'06,Not Employed,7.1,Foreign country
Norway,'06,Employed,13.6,Reporting country
Norway,'06,Not Employed,3.7,Reporting country
Norway,'07,Employed,14.2,Extra-EU-28
Norway,'07,Not Employed,6.2,Extra-EU-28
Norway,'07,Employed,13.5,Foreign country
Norway,'07,Not Employed,5.6,Foreign country
Norway,'07,Employed,14.5,Reporting country
Norway,'07,Not Employed,3.8,Reporting country
Norway,'08,Employed,14.9,Extra-EU-28
Norway,'08,Not Employed,6.4,Extra-EU-28
Norway,'08,Employed,13.6,Foreign country
Norway,'08,Not Employed,6.4,Foreign country
Norway,'08,Employed,13.5,Reporting country
Norway,'08,Not Employed,3.3,Reporting country
Norway,'09,Employed,14,Extra-EU-28
Norway,'09,Not Employed,6.5,Extra-EU-28
Norway,'09,Employed,12.4,Foreign country
Norway,'09,Not Employed,5.5,Foreign country
Norway,'09,Employed,13.5,Reporting country
Norway,'09,Not Employed,4.2,Reporting country
Norway,'10,Employed,9.3,EU-28
Norway,'10,Employed,9.2,Extra-EU-28
Norway,'10,Not Employed,6.9,Extra-EU-28
Norway,'10,Employed,9.2,Foreign country
Norway,'10,Not Employed,6,Foreign country
Norway,'10,Employed,13.6,Reporting country
Norway,'10,Not Employed,4,Reporting country
Norway,'10,Employed,13.3,Total
Norway,'10,Not Employed,4.1,Total
Norway,'11,Employed,10.8,EU-28
Norway,'11,Not Employed,10.9,EU-28
Norway,'11,Employed,8.2,Extra-EU-28
Norway,'11,Not Employed,5.9,Extra-EU-28
Norway,'11,Employed,9,Foreign country
Norway,'11,Not Employed,7.5,Foreign country
Norway,'11,Employed,12.6,Reporting country
Norway,'11,Not Employed,4,Reporting country
Norway,'11,Employed,12.3,Total
Norway,'11,Not Employed,4.3,Total
Norway,'12,Employed,9.3,EU-28
Norway,'12,Not Employed,10.5,EU-28
Norway,'12,Employed,9.2,Extra-EU-28
Norway,'12,Not Employed,6.3,Extra-EU-28
Norway,'12,Employed,9.2,Foreign country
Norway,'12,Not Employed,7.9,Foreign country
Norway,'12,Employed,11,Reporting country
Norway,'12,Not Employed,3.6,Reporting country
Norway,'12,Employed,10.9,Total
Norway,'12,Not Employed,3.9,Total
Norway,'13,Employed,14.8,EU-28
Norway,'13,Not Employed,5.8,EU-28
Norway,'13,Employed,9.4,Extra-EU-28
Norway,'13,Not Employed,8,Extra-EU-28
Norway,'13,Employed,11.1,Foreign country
Norway,'13,Not Employed,7.3,Foreign country
Norway,'13,Employed,8.7,Reporting country
Norway,'13,Not Employed,4.5,Reporting country
Norway,'13,Employed,9,Total
Norway,'13,Not Employed,4.8,Total
Norway,'14,Employed,12.1,EU-28
Norway,'14,Employed,6,Extra-EU-28
Norway,'14,Not Employed,9.1,Extra-EU-28
Norway,'14,Employed,7.6,Foreign country
Norway,'14,Not Employed,7.5,Foreign country
Norway,'14,Employed,7.3,Reporting country
Norway,'14,Not Employed,4,Reporting country
Norway,'14,Employed,7.4,Total
Norway,'14,Not Employed,4.3,Total
Norway,'15,Employed,10,EU-28
Norway,'15,Not Employed,4.2,EU-28
Norway,'15,Employed,9.8,Extra-EU-28
Norway,'15,Not Employed,4.8,Extra-EU-28
Norway,'15,Employed,9.9,Foreign country
Norway,'15,Not Employed,4.6,Foreign country
Norway,'15,Employed,6.5,Reporting country
Norway,'15,Not Employed,3.3,Reporting country
Norway,'15,Employed,6.8,Total
Norway,'15,Not Employed,3.4,Total
Norway,'16,Employed,6.6,EU-28
Norway,'16,Employed,9.1,Extra-EU-28
Norway,'16,Not Employed,5.5,Extra-EU-28
Norway,'16,Employed,8.3,Foreign country
Norway,'16,Not Employed,4.4,Foreign country
Norway,'16,Employed,7.1,Reporting country
Norway,'16,Not Employed,3.6,Reporting country
Norway,'16,Employed,7.2,Total
Norway,'16,Not Employed,3.7,Total
Netherlands,'06,Employed,10.5,EU-28
Netherlands,'06,Employed,9,Extra-EU-28
Netherlands,'06,Not Employed,9.7,Extra-EU-28
Netherlands,'06,Employed,9.3,Foreign country
Netherlands,'06,Not Employed,8.5,Foreign country
Netherlands,'06,Employed,9.5,Reporting country
Netherlands,'06,Not Employed,2.7,Reporting country
Netherlands,'07,Employed,12.8,Extra-EU-28
Netherlands,'07,Not Employed,6.6,Extra-EU-28
Netherlands,'07,Employed,11.6,Foreign country
Netherlands,'07,Not Employed,5.7,Foreign country
Netherlands,'07,Employed,8.8,Reporting country
Netherlands,'07,Not Employed,2.5,Reporting country
Netherlands,'08,Employed,9.1,EU-28
Netherlands,'08,Employed,9.7,Extra-EU-28
Netherlands,'08,Not Employed,9,Extra-EU-28
Netherlands,'08,Employed,9.6,Foreign country
Netherlands,'08,Not Employed,8,Foreign country
Netherlands,'08,Employed,8.6,Reporting country
Netherlands,'08,Not Employed,2.3,Reporting country
Netherlands,'09,Employed,7.2,EU-28
Netherlands,'09,Employed,8.6,Extra-EU-28
Netherlands,'09,Not Employed,6.2,Extra-EU-28
Netherlands,'09,Employed,8.4,Foreign country
Netherlands,'09,Not Employed,5.8,Foreign country
Netherlands,'09,Employed,7.7,Reporting country
Netherlands,'09,Not Employed,3,Reporting country
Netherlands,'10,Employed,8.4,EU-28
Netherlands,'10,Employed,5.2,Extra-EU-28
Netherlands,'10,Not Employed,5.5,Extra-EU-28
Netherlands,'10,Employed,5.9,Foreign country
Netherlands,'10,Not Employed,5.4,Foreign country
Netherlands,'10,Employed,6.9,Reporting country
Netherlands,'10,Not Employed,3.1,Reporting country
Netherlands,'10,Employed,6.7,Total
Netherlands,'10,Not Employed,3.2,Total
Netherlands,'11,Employed,8.3,EU-28
Netherlands,'11,Employed,3.4,Extra-EU-28
Netherlands,'11,Not Employed,6.7,Extra-EU-28
Netherlands,'11,Employed,4.5,Foreign country
Netherlands,'11,Not Employed,6,Foreign country
Netherlands,'11,Employed,6.3,Reporting country
Netherlands,'11,Not Employed,2.9,Reporting country
Netherlands,'11,Employed,6.1,Total
Netherlands,'11,Not Employed,3.1,Total
Netherlands,'12,Employed,9.3,EU-28
Netherlands,'12,Employed,4.6,Extra-EU-28
Netherlands,'12,Not Employed,7.6,Extra-EU-28
Netherlands,'12,Employed,5.8,Foreign country
Netherlands,'12,Not Employed,6.6,Foreign country
Netherlands,'12,Employed,5.8,Reporting country
Netherlands,'12,Not Employed,3,Reporting country
Netherlands,'12,Employed,5.7,Total
Netherlands,'12,Not Employed,3.2,Total
Netherlands,'13,Employed,7.5,EU-28
Netherlands,'13,Employed,4.2,Extra-EU-28
Netherlands,'13,Not Employed,7.1,Extra-EU-28
Netherlands,'13,Employed,4.9,Foreign country
Netherlands,'13,Not Employed,6.4,Foreign country
Netherlands,'13,Employed,5.6,Reporting country
Netherlands,'13,Not Employed,3.6,Reporting country
Netherlands,'13,Employed,5.5,Total
Netherlands,'13,Not Employed,3.8,Total
Netherlands,'14,Employed,5.5,EU-28
Netherlands,'14,Not Employed,7.2,EU-28
Netherlands,'14,Employed,5.3,Extra-EU-28
Netherlands,'14,Not Employed,4.1,Extra-EU-28
Netherlands,'14,Employed,5.4,Foreign country
Netherlands,'14,Not Employed,5,Foreign country
Netherlands,'14,Employed,5,Reporting country
Netherlands,'14,Not Employed,3.5,Reporting country
Netherlands,'14,Employed,5.1,Total
Netherlands,'14,Not Employed,3.7,Total
Netherlands,'15,Employed,5.2,Extra-EU-28
Netherlands,'15,Not Employed,6.2,Extra-EU-28
Netherlands,'15,Employed,4.5,Foreign country
Netherlands,'15,Not Employed,5.2,Foreign country
Netherlands,'15,Employed,5,Reporting country
Netherlands,'15,Not Employed,3,Reporting country
Netherlands,'15,Employed,5,Total
Netherlands,'15,Not Employed,3.2,Total
Netherlands,'16,Employed,3.1,Extra-EU-28
Netherlands,'16,Not Employed,5.9,Extra-EU-28
Netherlands,'16,Employed,3.1,Foreign country
Netherlands,'16,Not Employed,5.1,Foreign country
Netherlands,'16,Employed,4.9,Reporting country
Netherlands,'16,Not Employed,3,Reporting country
Netherlands,'16,Employed,4.8,Total
Netherlands,'16,Not Employed,3.2,Total
Malta,'06,Employed,25.7,Reporting country
Malta,'06,Not Employed,7,Reporting country
Malta,'07,Employed,23.4,Reporting country
Malta,'07,Not Employed,7.6,Reporting country
Malta,'08,Employed,19.5,Foreign country
Malta,'08,Employed,21.9,Reporting country
Malta,'08,Not Employed,5.7,Reporting country
Malta,'09,Employed,17.6,Reporting country
Malta,'09,Not Employed,8.4,Reporting country
Malta,'10,Employed,17.3,Reporting country
Malta,'10,Not Employed,6.7,Reporting country
Malta,'10,Employed,17,Total
Malta,'10,Not Employed,6.8,Total
Malta,'11,Employed,16.4,Reporting country
Malta,'11,Not Employed,6.5,Reporting country
Malta,'11,Employed,16.3,Total
Malta,'11,Not Employed,6.4,Total
Malta,'12,Employed,14.1,Reporting country
Malta,'12,Not Employed,7,Reporting country
Malta,'12,Employed,14.1,Total
Malta,'12,Not Employed,6.9,Total
Malta,'13,Employed,14.2,Reporting country
Malta,'13,Not Employed,6.1,Reporting country
Malta,'13,Employed,14.1,Total
Malta,'13,Not Employed,6.4,Total
Malta,'14,Employed,14.2,Reporting country
Malta,'14,Not Employed,5.9,Reporting country
Malta,'14,Employed,14.3,Total
Malta,'14,Not Employed,6,Total
Malta,'15,Employed,13.9,Reporting country
Malta,'15,Not Employed,6.1,Reporting country
Malta,'15,Employed,13.9,Total
Malta,'15,Not Employed,5.9,Total
Malta,'16,Employed,14.5,Reporting country
Malta,'16,Not Employed,5.1,Reporting country
Malta,'16,Employed,14.4,Total
Malta,'16,Not Employed,5.2,Total
Luxembourg,'06,Employed,13.6,EU-28
Luxembourg,'06,Not Employed,8,EU-28
Luxembourg,'06,Employed,12.3,Foreign country
Luxembourg,'06,Not Employed,8.8,Foreign country
Luxembourg,'06,Employed,7.8,Reporting country
Luxembourg,'06,Not Employed,3.7,Reporting country
Luxembourg,'07,Employed,13.9,EU-28
Luxembourg,'07,Employed,13.1,Foreign country
Luxembourg,'07,Not Employed,5.1,Foreign country
Luxembourg,'07,Employed,6.9,Reporting country
Luxembourg,'07,Not Employed,3.4,Reporting country
Luxembourg,'08,Employed,14.3,EU-28
Luxembourg,'08,Not Employed,7.4,EU-28
Luxembourg,'08,Employed,12.3,Foreign country
Luxembourg,'08,Not Employed,7.6,Foreign country
Luxembourg,'08,Employed,7.6,Reporting country
Luxembourg,'08,Not Employed,3.7,Reporting country
Luxembourg,'09,Employed,10.1,EU-28
Luxembourg,'09,Not Employed,6.2,EU-28
Luxembourg,'09,Employed,7.7,Foreign country
Luxembourg,'09,Not Employed,5.7,Foreign country
Luxembourg,'09,Employed,3.1,Reporting country
Luxembourg,'09,Not Employed,2.3,Reporting country
Luxembourg,'10,Employed,5.8,Foreign country
Luxembourg,'10,Employed,2.8,Reporting country
Luxembourg,'10,Not Employed,3.2,Reporting country
Luxembourg,'10,Employed,3.5,Total
Luxembourg,'10,Not Employed,3.5,Total
Luxembourg,'11,Employed,5.8,EU-28
Luxembourg,'11,Employed,5.9,Foreign country
Luxembourg,'11,Employed,2.7,Reporting country
Luxembourg,'11,Not Employed,2.8,Reporting country
Luxembourg,'11,Employed,3.7,Total
Luxembourg,'11,Not Employed,2.5,Total
Luxembourg,'12,Employed,5.2,Foreign country
Luxembourg,'12,Not Employed,5.4,Foreign country
Luxembourg,'12,Employed,4.2,Reporting country
Luxembourg,'12,Not Employed,3,Reporting country
Luxembourg,'12,Employed,4.5,Total
Luxembourg,'12,Not Employed,3.7,Total
Luxembourg,'13,Not Employed,6.1,EU-28
Luxembourg,'13,Not Employed,5.6,Foreign country
Luxembourg,'13,Employed,3.2,Reporting country
Luxembourg,'13,Not Employed,2.1,Reporting country
Luxembourg,'13,Employed,3,Total
Luxembourg,'13,Not Employed,3.1,Total
Luxembourg,'14,Employed,3.9,Reporting country
Luxembourg,'14,Not Employed,1.8,Reporting country
Luxembourg,'14,Employed,3.8,Total
Luxembourg,'14,Not Employed,2.3,Total
Luxembourg,'15,Employed,10,EU-28
Luxembourg,'15,Not Employed,5.6,EU-28
Luxembourg,'15,Employed,10.3,Foreign country
Luxembourg,'15,Not Employed,5.4,Foreign country
Luxembourg,'15,Employed,3.4,Reporting country
Luxembourg,'15,Not Employed,3.4,Reporting country
Luxembourg,'15,Employed,5.6,Total
Luxembourg,'15,Not Employed,3.7,Total
Luxembourg,'16,Not Employed,4.7,Foreign country
Luxembourg,'16,Employed,2.1,Reporting country
Luxembourg,'16,Not Employed,2,Reporting country
Luxembourg,'16,Employed,2.6,Total
Luxembourg,'16,Not Employed,2.8,Total
Lithuania,'06,Employed,4.5,Reporting country
Lithuania,'06,Not Employed,4.5,Reporting country
Lithuania,'07,Employed,4.7,Reporting country
Lithuania,'07,Not Employed,3.2,Reporting country
Lithuania,'08,Employed,3.6,Reporting country
Lithuania,'08,Not Employed,3.8,Reporting country
Lithuania,'09,Employed,2.9,Reporting country
Lithuania,'09,Not Employed,5.7,Reporting country
Lithuania,'10,Employed,2.1,Reporting country
Lithuania,'10,Not Employed,5.9,Reporting country
Lithuania,'10,Employed,2.1,Total
Lithuania,'10,Not Employed,5.9,Total
Lithuania,'11,Employed,2.4,Reporting country
Lithuania,'11,Not Employed,5.1,Reporting country
Lithuania,'11,Employed,2.3,Total
Lithuania,'11,Not Employed,5,Total
Lithuania,'12,Employed,2.3,Reporting country
Lithuania,'12,Not Employed,4.1,Reporting country
Lithuania,'12,Employed,2.4,Total
Lithuania,'12,Not Employed,4.1,Total
Lithuania,'13,Employed,1.9,Reporting country
Lithuania,'13,Not Employed,4.4,Reporting country
Lithuania,'13,Employed,1.9,Total
Lithuania,'13,Not Employed,4.4,Total
Lithuania,'14,Employed,2.3,Reporting country
Lithuania,'14,Not Employed,3.6,Reporting country
Lithuania,'14,Employed,2.2,Total
Lithuania,'14,Not Employed,3.6,Total
Lithuania,'15,Employed,2.1,Reporting country
Lithuania,'15,Not Employed,3.4,Reporting country
Lithuania,'15,Employed,2.1,Total
Lithuania,'15,Not Employed,3.4,Total
Lithuania,'16,Not Employed,3.1,Reporting country
Lithuania,'16,Not Employed,3.1,Total
Latvia,'06,Employed,9.7,Reporting country
Latvia,'06,Not Employed,5.9,Reporting country
Latvia,'07,Employed,9.7,Reporting country
Latvia,'07,Not Employed,6.1,Reporting country
Latvia,'08,Employed,8.9,Reporting country
Latvia,'08,Not Employed,6.5,Reporting country
Latvia,'09,Employed,5.4,Reporting country
Latvia,'09,Not Employed,8.9,Reporting country
Latvia,'10,Employed,5.4,Reporting country
Latvia,'10,Not Employed,7.6,Reporting country
Latvia,'10,Employed,5.3,Total
Latvia,'10,Not Employed,7.5,Total
Latvia,'11,Employed,5.5,Reporting country
Latvia,'11,Not Employed,6.3,Reporting country
Latvia,'11,Employed,5.4,Total
Latvia,'11,Not Employed,6.2,Total
Latvia,'12,Employed,5.1,Reporting country
Latvia,'12,Not Employed,5.7,Reporting country
Latvia,'12,Employed,5,Total
Latvia,'12,Not Employed,5.6,Total
Latvia,'13,Employed,4.6,Reporting country
Latvia,'13,Not Employed,5.2,Reporting country
Latvia,'13,Employed,4.6,Total
Latvia,'13,Not Employed,5.2,Total
Latvia,'14,Employed,4.1,Reporting country
Latvia,'14,Not Employed,4.5,Reporting country
Latvia,'14,Employed,4,Total
Latvia,'14,Not Employed,4.4,Total
Latvia,'15,Employed,6.3,Reporting country
Latvia,'15,Not Employed,3.7,Reporting country
Latvia,'15,Employed,6.2,Total
Latvia,'15,Not Employed,3.8,Total
Latvia,'16,Employed,4.5,Reporting country
Latvia,'16,Not Employed,5.6,Reporting country
Latvia,'16,Employed,4.4,Total
Latvia,'16,Not Employed,5.6,Total
Italy,'06,Employed,19.8,EU-28
Italy,'06,Not Employed,13.6,EU-28
Italy,'06,Employed,26.8,Extra-EU-28
Italy,'06,Not Employed,20,Extra-EU-28
Italy,'06,Employed,25,Foreign country
Italy,'06,Not Employed,18.4,Foreign country
Italy,'06,Employed,9.7,Reporting country
Italy,'06,Not Employed,9.1,Reporting country
Italy,'07,Employed,18.1,EU-28
Italy,'07,Not Employed,12.4,EU-28
Italy,'07,Employed,27.1,Extra-EU-28
Italy,'07,Not Employed,17.2,Extra-EU-28
Italy,'07,Employed,24.9,Foreign country
Italy,'07,Not Employed,16.1,Foreign country
Italy,'07,Employed,9.1,Reporting country
Italy,'07,Not Employed,8.8,Reporting country
Italy,'08,Employed,18.7,EU-28
Italy,'08,Not Employed,14.8,EU-28
Italy,'08,Employed,25.6,Extra-EU-28
Italy,'08,Not Employed,18.7,Extra-EU-28
Italy,'08,Employed,23.7,Foreign country
Italy,'08,Not Employed,17.7,Foreign country
Italy,'08,Employed,8.7,Reporting country
Italy,'08,Not Employed,8.8,Reporting country
Italy,'09,Employed,22,EU-28
Italy,'09,Not Employed,13.8,EU-28
Italy,'09,Employed,21.9,Extra-EU-28
Italy,'09,Not Employed,22.8,Extra-EU-28
Italy,'09,Employed,22,Foreign country
Italy,'09,Not Employed,20.1,Foreign country
Italy,'09,Employed,7.4,Reporting country
Italy,'09,Not Employed,9.2,Reporting country
Italy,'10,Employed,18.3,EU-28
Italy,'10,Not Employed,13.5,EU-28
Italy,'10,Employed,20.2,Extra-EU-28
Italy,'10,Not Employed,24.3,Extra-EU-28
Italy,'10,Employed,19.6,Foreign country
Italy,'10,Not Employed,21.1,Foreign country
Italy,'10,Employed,6.9,Reporting country
Italy,'10,Not Employed,9.4,Reporting country
Italy,'10,Employed,8.1,Total
Italy,'10,Not Employed,10.5,Total
Italy,'11,Employed,15.5,EU-28
Italy,'11,Not Employed,14.8,EU-28
Italy,'11,Employed,20.3,Extra-EU-28
Italy,'11,Not Employed,23.2,Extra-EU-28
Italy,'11,Employed,18.9,Foreign country
Italy,'11,Not Employed,20.7,Foreign country
Italy,'11,Employed,5.9,Reporting country
Italy,'11,Not Employed,9.4,Reporting country
Italy,'11,Employed,7.3,Total
Italy,'11,Not Employed,10.6,Total
Italy,'12,Employed,15.6,EU-28
Italy,'12,Not Employed,19.6,EU-28
Italy,'12,Employed,16.5,Extra-EU-28
Italy,'12,Not Employed,23.7,Extra-EU-28
Italy,'12,Employed,16.2,Foreign country
Italy,'12,Not Employed,22.6,Foreign country
Italy,'12,Employed,5.3,Reporting country
Italy,'12,Not Employed,9.5,Reporting country
Italy,'12,Employed,6.4,Total
Italy,'12,Not Employed,10.9,Total
Italy,'13,Employed,10,EU-28
Italy,'13,Not Employed,19.5,EU-28
Italy,'13,Employed,14.3,Extra-EU-28
Italy,'13,Not Employed,21.7,Extra-EU-28
Italy,'13,Employed,13.1,Foreign country
Italy,'13,Not Employed,21.1,Foreign country
Italy,'13,Employed,4.8,Reporting country
Italy,'13,Not Employed,9.9,Reporting country
Italy,'13,Employed,5.7,Total
Italy,'13,Not Employed,11.1,Total
Italy,'14,Employed,9.6,EU-28
Italy,'14,Not Employed,16.9,EU-28
Italy,'14,Employed,13.2,Extra-EU-28
Italy,'14,Not Employed,21.6,Extra-EU-28
Italy,'14,Employed,12.2,Foreign country
Italy,'14,Not Employed,20.3,Foreign country
Italy,'14,Employed,3.8,Reporting country
Italy,'14,Not Employed,9.1,Reporting country
Italy,'14,Employed,4.7,Total
Italy,'14,Not Employed,10.3,Total
Italy,'15,Employed,10.5,EU-28
Italy,'15,Not Employed,15.9,EU-28
Italy,'15,Employed,12.8,Extra-EU-28
Italy,'15,Not Employed,20.2,Extra-EU-28
Italy,'15,Employed,12.2,Foreign country
Italy,'15,Not Employed,19.1,Foreign country
Italy,'15,Employed,3.9,Reporting country
Italy,'15,Not Employed,8.9,Reporting country
Italy,'15,Employed,4.7,Total
Italy,'15,Not Employed,10,Total
Italy,'16,Employed,9.3,EU-28
Italy,'16,Not Employed,16.7,EU-28
Italy,'16,Employed,12.8,Extra-EU-28
Italy,'16,Not Employed,18.6,Extra-EU-28
Italy,'16,Employed,11.9,Foreign country
Italy,'16,Not Employed,18.1,Foreign country
Italy,'16,Employed,3.5,Reporting country
Italy,'16,Not Employed,8.4,Reporting country
Italy,'16,Employed,4.4,Total
Italy,'16,Not Employed,9.4,Total
Ireland,'06,Employed,8.9,EU-28
Ireland,'06,Not Employed,4.2,EU-28
Ireland,'06,Employed,7.8,Foreign country
Ireland,'06,Not Employed,4.1,Foreign country
Ireland,'06,Employed,7,Reporting country
Ireland,'06,Not Employed,5.2,Reporting country
Ireland,'07,Employed,7,EU-28
Ireland,'07,Not Employed,4.7,EU-28
Ireland,'07,Employed,6.1,Foreign country
Ireland,'07,Not Employed,4.4,Foreign country
Ireland,'07,Employed,6.6,Reporting country
Ireland,'07,Not Employed,5.5,Reporting country
Ireland,'08,Employed,6.2,EU-28
Ireland,'08,Not Employed,5.5,EU-28
Ireland,'08,Employed,5.3,Foreign country
Ireland,'08,Not Employed,4.9,Foreign country
Ireland,'08,Employed,5.2,Reporting country
Ireland,'08,Not Employed,6.4,Reporting country
Ireland,'09,Employed,9.7,EU-28
Ireland,'09,Not Employed,7.3,EU-28
Ireland,'09,Employed,7.8,Foreign country
Ireland,'09,Not Employed,6.2,Foreign country
Ireland,'09,Employed,3.5,Reporting country
Ireland,'09,Not Employed,7.7,Reporting country
Ireland,'10,Employed,10,EU-28
Ireland,'10,Not Employed,9.8,EU-28
Ireland,'10,Employed,7.9,Foreign country
Ireland,'10,Not Employed,8.4,Foreign country
Ireland,'10,Employed,2.9,Reporting country
Ireland,'10,Not Employed,7.8,Reporting country
Ireland,'10,Employed,3.7,Total
Ireland,'10,Not Employed,7.9,Total
Ireland,'11,Employed,7.7,EU-28
Ireland,'11,Not Employed,10,EU-28
Ireland,'11,Employed,6.7,Foreign country
Ireland,'11,Not Employed,9.1,Foreign country
Ireland,'11,Employed,2,Reporting country
Ireland,'11,Not Employed,7.9,Reporting country
Ireland,'11,Employed,2.7,Total
Ireland,'11,Not Employed,8.1,Total
Ireland,'12,Employed,5.7,EU-28
Ireland,'12,Not Employed,9.5,EU-28
Ireland,'12,Employed,4.6,Foreign country
Ireland,'12,Not Employed,7.7,Foreign country
Ireland,'12,Employed,1.9,Reporting country
Ireland,'12,Not Employed,7.3,Reporting country
Ireland,'12,Employed,2.3,Total
Ireland,'12,Not Employed,7.4,Total
Ireland,'13,Employed,5.4,EU-28
Ireland,'13,Not Employed,7.1,EU-28
Ireland,'13,Employed,4.4,Foreign country
Ireland,'13,Not Employed,6,Foreign country
Ireland,'13,Employed,2.2,Reporting country
Ireland,'13,Not Employed,5.8,Reporting country
Ireland,'13,Employed,2.6,Total
Ireland,'13,Not Employed,5.8,Total
Ireland,'14,Not Employed,4.1,Foreign country
Ireland,'14,Employed,1.6,Reporting country
Ireland,'14,Not Employed,5.4,Reporting country
Ireland,'14,Employed,1.7,Total
Ireland,'14,Not Employed,5.1,Total
Ireland,'15,Not Employed,7.4,EU-28
Ireland,'15,Not Employed,5.2,Foreign country
Ireland,'15,Employed,1.8,Reporting country
Ireland,'15,Not Employed,5.1,Reporting country
Ireland,'15,Employed,1.8,Total
Ireland,'15,Not Employed,5.1,Total
Ireland,'16,Not Employed,3.3,Foreign country
Ireland,'16,Employed,2,Reporting country
Ireland,'16,Not Employed,4.5,Reporting country
Ireland,'16,Employed,2,Total
Ireland,'16,Not Employed,4.3,Total
Iceland,'06,Employed,21.7,Reporting country
Iceland,'06,Not Employed,4,Reporting country
Iceland,'07,Employed,19.8,Reporting country
Iceland,'07,Not Employed,3.3,Reporting country
Iceland,'08,Employed,31,Foreign country
Iceland,'08,Employed,19.8,Reporting country
Iceland,'08,Not Employed,3.6,Reporting country
Iceland,'09,Employed,14.9,Reporting country
Iceland,'09,Not Employed,6.1,Reporting country
Iceland,'10,Employed,16.5,Reporting country
Iceland,'10,Not Employed,6.1,Reporting country
Iceland,'10,Employed,16.5,Total
Iceland,'10,Not Employed,6.1,Total
Iceland,'11,Employed,21.6,Foreign country
Iceland,'11,Employed,13.4,Reporting country
Iceland,'11,Not Employed,5.3,Reporting country
Iceland,'11,Employed,14.2,Total
Iceland,'11,Not Employed,5.5,Total
Iceland,'12,Employed,21.2,Foreign country
Iceland,'12,Employed,14.5,Reporting country
Iceland,'12,Not Employed,4.8,Reporting country
Iceland,'12,Employed,15.2,Total
Iceland,'12,Not Employed,5,Total
Iceland,'13,Employed,21.3,Foreign country
Iceland,'13,Employed,15.3,Reporting country
Iceland,'13,Not Employed,4.4,Reporting country
Iceland,'13,Employed,16,Total
Iceland,'13,Not Employed,4.5,Total
Iceland,'14,Employed,23.7,EU-28
Iceland,'14,Employed,21.8,Foreign country
Iceland,'14,Employed,13.8,Reporting country
Iceland,'14,Not Employed,4.4,Reporting country
Iceland,'14,Employed,14.6,Total
Iceland,'14,Not Employed,4.4,Total
Iceland,'15,Employed,19.1,Foreign country
Iceland,'15,Employed,14.5,Reporting country
Iceland,'15,Not Employed,3.6,Reporting country
Iceland,'15,Employed,14.9,Total
Iceland,'15,Not Employed,3.9,Total
Iceland,'16,Employed,20.1,Foreign country
Iceland,'16,Employed,16.5,Reporting country
Iceland,'16,Not Employed,3,Reporting country
Iceland,'16,Employed,16.8,Total
Iceland,'16,Not Employed,2.9,Total
Hungary,'06,Employed,4.7,Reporting country
Hungary,'06,Not Employed,7.8,Reporting country
Hungary,'07,Employed,4.3,Reporting country
Hungary,'07,Not Employed,7.1,Reporting country
Hungary,'08,Employed,4.2,Reporting country
Hungary,'08,Not Employed,7.5,Reporting country
Hungary,'09,Employed,3.2,Reporting country
Hungary,'09,Not Employed,8.2,Reporting country
Hungary,'10,Employed,3.4,Reporting country
Hungary,'10,Not Employed,7.4,Reporting country
Hungary,'10,Employed,3.5,Total
Hungary,'10,Not Employed,7.4,Total
Hungary,'11,Employed,3.4,Reporting country
Hungary,'11,Not Employed,8,Reporting country
Hungary,'11,Employed,3.4,Total
Hungary,'11,Not Employed,8,Total
Hungary,'12,Employed,3.2,Reporting country
Hungary,'12,Not Employed,8.5,Reporting country
Hungary,'12,Employed,3.3,Total
Hungary,'12,Not Employed,8.5,Total
Hungary,'13,Employed,3.3,Reporting country
Hungary,'13,Not Employed,8.6,Reporting country
Hungary,'13,Employed,3.3,Total
Hungary,'13,Not Employed,8.6,Total
Hungary,'14,Employed,4.3,Reporting country
Hungary,'14,Not Employed,7.2,Reporting country
Hungary,'14,Employed,4.3,Total
Hungary,'14,Not Employed,7.2,Total
Hungary,'15,Employed,4.7,Reporting country
Hungary,'15,Not Employed,6.9,Reporting country
Hungary,'15,Employed,4.7,Total
Hungary,'15,Not Employed,6.9,Total
Hungary,'16,Employed,5.2,Reporting country
Hungary,'16,Not Employed,7.2,Reporting country
Hungary,'16,Employed,5.2,Total
Hungary,'16,Not Employed,7.2,Total
Greece,'06,Employed,9.5,EU-28
Greece,'06,Employed,32.9,Extra-EU-28
Greece,'06,Not Employed,14.8,Extra-EU-28
Greece,'06,Employed,28.2,Foreign country
Greece,'06,Not Employed,13.3,Foreign country
Greece,'06,Employed,8.2,Reporting country
Greece,'06,Not Employed,4.4,Reporting country
Greece,'07,Employed,11.7,EU-28
Greece,'07,Not Employed,7.2,EU-28
Greece,'07,Employed,31.1,Extra-EU-28
Greece,'07,Not Employed,14.4,Extra-EU-28
Greece,'07,Employed,27,Foreign country
Greece,'07,Not Employed,12.9,Foreign country
Greece,'07,Employed,7.7,Reporting country
Greece,'07,Not Employed,3.9,Reporting country
Greece,'08,Employed,13.1,EU-28
Greece,'08,Not Employed,8.5,EU-28
Greece,'08,Employed,32.3,Extra-EU-28
Greece,'08,Not Employed,15.9,Extra-EU-28
Greece,'08,Employed,28.1,Foreign country
Greece,'08,Not Employed,14.3,Foreign country
Greece,'08,Employed,7,Reporting country
Greece,'08,Not Employed,3.9,Reporting country
Greece,'09,Employed,16.6,EU-28
Greece,'09,Not Employed,10,EU-28
Greece,'09,Employed,30.8,Extra-EU-28
Greece,'09,Not Employed,17.3,Extra-EU-28
Greece,'09,Employed,28,Foreign country
Greece,'09,Not Employed,15.9,Foreign country
Greece,'09,Employed,5.7,Reporting country
Greece,'09,Not Employed,4,Reporting country
Greece,'10,Employed,13.2,EU-28
Greece,'10,Not Employed,14,EU-28
Greece,'10,Employed,24.9,Extra-EU-28
Greece,'10,Not Employed,21.3,Extra-EU-28
Greece,'10,Employed,23,Foreign country
Greece,'10,Not Employed,20.1,Foreign country
Greece,'10,Employed,4.8,Reporting country
Greece,'10,Not Employed,4.4,Reporting country
Greece,'10,Employed,7.1,Total
Greece,'10,Not Employed,6.4,Total
Greece,'11,Employed,15.6,EU-28
Greece,'11,Not Employed,10.5,EU-28
Greece,'11,Employed,21.2,Extra-EU-28
Greece,'11,Not Employed,27.3,Extra-EU-28
Greece,'11,Employed,20.2,Foreign country
Greece,'11,Not Employed,24.3,Foreign country
Greece,'11,Employed,4,Reporting country
Greece,'11,Not Employed,5.1,Reporting country
Greece,'11,Employed,5.7,Total
Greece,'11,Not Employed,7.2,Total
Greece,'12,Not Employed,16,EU-28
Greece,'12,Employed,15.7,Extra-EU-28
Greece,'12,Not Employed,29.7,Extra-EU-28
Greece,'12,Employed,14.2,Foreign country
Greece,'12,Not Employed,27.2,Foreign country
Greece,'12,Employed,3.3,Reporting country
Greece,'12,Not Employed,5,Reporting country
Greece,'12,Employed,4.3,Total
Greece,'12,Not Employed,7,Total
Greece,'13,Employed,15.3,EU-28
Greece,'13,Not Employed,17.5,EU-28
Greece,'13,Employed,12.6,Extra-EU-28
Greece,'13,Not Employed,23.8,Extra-EU-28
Greece,'13,Employed,13.1,Foreign country
Greece,'13,Not Employed,22.6,Foreign country
Greece,'13,Employed,2.2,Reporting country
Greece,'13,Not Employed,5.2,Reporting country
Greece,'13,Employed,3.3,Total
Greece,'13,Not Employed,6.8,Total
Greece,'14,Not Employed,14,EU-28
Greece,'14,Employed,11.6,Extra-EU-28
Greece,'14,Not Employed,16.6,Extra-EU-28
Greece,'14,Employed,11.6,Foreign country
Greece,'14,Not Employed,16.1,Foreign country
Greece,'14,Employed,2.5,Reporting country
Greece,'14,Not Employed,4.8,Reporting country
Greece,'14,Employed,3.3,Total
Greece,'14,Not Employed,5.8,Total
Greece,'15,Employed,10.9,Extra-EU-28
Greece,'15,Not Employed,14,Extra-EU-28
Greece,'15,Employed,10.4,Foreign country
Greece,'15,Not Employed,13.7,Foreign country
Greece,'15,Employed,2.5,Reporting country
Greece,'15,Not Employed,4.3,Reporting country
Greece,'15,Employed,3,Total
Greece,'15,Not Employed,4.9,Total
Greece,'16,Employed,10,Extra-EU-28
Greece,'16,Not Employed,8.6,Extra-EU-28
Greece,'16,Employed,9.4,Foreign country
Greece,'16,Not Employed,8.7,Foreign country
Greece,'16,Employed,1.9,Reporting country
Greece,'16,Not Employed,3.6,Reporting country
Greece,'16,Employed,2.4,Total
Greece,'16,Not Employed,3.9,Total
Germany**,'06,Employed,5.2,Reporting country
Germany**,'06,Not Employed,6.4,Reporting country
Germany**,'07,Employed,4.8,Reporting country
Germany**,'07,Not Employed,6.1,Reporting country
Germany**,'08,Employed,4.5,Reporting country
Germany**,'08,Not Employed,5.4,Reporting country
Germany**,'09,Employed,4,Reporting country
Germany**,'09,Not Employed,5.5,Reporting country
Germany**,'10,Employed,10.9,Foreign country
Germany**,'10,Not Employed,12.4,Foreign country
Germany**,'10,Employed,4.9,Reporting country
Germany**,'10,Not Employed,5.3,Reporting country
Germany**,'10,Employed,5.6,Total
Germany**,'10,Not Employed,6.2,Total
Germany**,'11,Employed,11.1,Foreign country
Germany**,'11,Not Employed,11.2,Foreign country
Germany**,'11,Employed,5.1,Reporting country
Germany**,'11,Not Employed,5.2,Reporting country
Germany**,'11,Employed,5.7,Total
Germany**,'11,Not Employed,5.9,Total
Germany**,'12,Employed,10,Foreign country
Germany**,'12,Not Employed,10.8,Foreign country
Germany**,'12,Employed,4.1,Reporting country
Germany**,'12,Not Employed,5.1,Reporting country
Germany**,'12,Employed,4.8,Total
Germany**,'12,Not Employed,5.8,Total
Germany**,'13,Employed,9.7,Foreign country
Germany**,'13,Not Employed,9.9,Foreign country
Germany**,'13,Employed,4,Reporting country
Germany**,'13,Not Employed,4.6,Reporting country
Germany**,'13,Employed,4.6,Total
Germany**,'13,Not Employed,5.2,Total
Germany**,'14,Employed,9.1,Foreign country
Germany**,'14,Not Employed,10.4,Foreign country
Germany**,'14,Employed,3.6,Reporting country
Germany**,'14,Not Employed,4.6,Reporting country
Germany**,'14,Employed,4.2,Total
Germany**,'14,Not Employed,5.3,Total
Germany**,'15,Employed,9.5,Foreign country
Germany**,'15,Not Employed,11.8,Foreign country
Germany**,'15,Employed,3.9,Reporting country
Germany**,'15,Not Employed,4.8,Reporting country
Germany**,'15,Employed,4.5,Total
Germany**,'15,Not Employed,5.6,Total
Germany**,'16,Employed,9.4,Foreign country
Germany**,'16,Not Employed,13.7,Foreign country
Germany**,'16,Employed,3.9,Reporting country
Germany**,'16,Not Employed,4.3,Reporting country
Germany**,'16,Employed,4.6,Total
Germany**,'16,Not Employed,5.5,Total
France,'06,Employed,7.7,Extra-EU-28
France,'06,Not Employed,13.8,Extra-EU-28
France,'06,Employed,8.8,Foreign country
France,'06,Not Employed,13.2,Foreign country
France,'06,Employed,5.5,Reporting country
France,'06,Not Employed,6.5,Reporting country
France,'07,Not Employed,11.8,EU-28
France,'07,Employed,8.9,Extra-EU-28
France,'07,Not Employed,15.1,Extra-EU-28
France,'07,Employed,9,Foreign country
France,'07,Not Employed,14.4,Foreign country
France,'07,Employed,5.8,Reporting country
France,'07,Not Employed,6.2,Reporting country
France,'08,Employed,17.9,EU-28
France,'08,Employed,7.2,Extra-EU-28
France,'08,Not Employed,16.3,Extra-EU-28
France,'08,Employed,9.4,Foreign country
France,'08,Not Employed,15.2,Foreign country
France,'08,Employed,5.3,Reporting country
France,'08,Not Employed,5.6,Reporting country
France,'09,Employed,17.8,EU-28
France,'09,Not Employed,10.7,EU-28
France,'09,Employed,6.3,Extra-EU-28
France,'09,Not Employed,17,Extra-EU-28
France,'09,Employed,8.6,Foreign country
France,'09,Not Employed,15.7,Foreign country
France,'09,Employed,4.9,Reporting country
France,'09,Not Employed,6.6,Reporting country
France,'10,Employed,14,EU-28
France,'10,Not Employed,10,EU-28
France,'10,Employed,7.6,Extra-EU-28
France,'10,Not Employed,17.3,Extra-EU-28
France,'10,Employed,8.8,Foreign country
France,'10,Not Employed,15.9,Foreign country
France,'10,Employed,5,Reporting country
France,'10,Not Employed,6.9,Reporting country
France,'10,Employed,5.3,Total
France,'10,Not Employed,7.5,Total
France,'11,Employed,11.2,EU-28
France,'11,Not Employed,10.5,EU-28
France,'11,Employed,6.3,Extra-EU-28
France,'11,Not Employed,16.5,Extra-EU-28
France,'11,Employed,7.4,Foreign country
France,'11,Not Employed,15.2,Foreign country
France,'11,Employed,5,Reporting country
France,'11,Not Employed,6.5,Reporting country
France,'11,Employed,5.2,Total
France,'11,Not Employed,7.1,Total
France,'12,Employed,11.9,EU-28
France,'12,Not Employed,12.2,EU-28
France,'12,Employed,8.3,Extra-EU-28
France,'12,Not Employed,14.8,Extra-EU-28
France,'12,Employed,9.1,Foreign country
France,'12,Not Employed,14.2,Foreign country
France,'12,Employed,4.5,Reporting country
France,'12,Not Employed,6.5,Reporting country
France,'12,Employed,4.8,Total
France,'12,Not Employed,7,Total
France,'13,Employed,9.4,EU-28
France,'13,Not Employed,14.9,EU-28
France,'13,Employed,4.1,Extra-EU-28
France,'13,Not Employed,12.2,Extra-EU-28
France,'13,Employed,5.2,Foreign country
France,'13,Not Employed,12.8,Foreign country
France,'13,Employed,3.6,Reporting country
France,'13,Not Employed,5.4,Reporting country
France,'13,Employed,3.7,Total
France,'13,Not Employed,5.9,Total
France,'14,Employed,4.7,Extra-EU-28
France,'14,Not Employed,12,Extra-EU-28
France,'14,Employed,4.8,Foreign country
France,'14,Not Employed,10.7,Foreign country
France,'14,Employed,3.1,Reporting country
France,'14,Not Employed,5.5,Reporting country
France,'14,Employed,3.2,Total
France,'14,Not Employed,5.9,Total
France,'15,Employed,4.4,Extra-EU-28
France,'15,Not Employed,12.2,Extra-EU-28
France,'15,Employed,4.7,Foreign country
France,'15,Not Employed,11.8,Foreign country
France,'15,Employed,3,Reporting country
France,'15,Not Employed,5.7,Reporting country
France,'15,Employed,3.1,Total
France,'15,Not Employed,6.2,Total
France,'16,Not Employed,11.1,EU-28
France,'16,Employed,3.5,Extra-EU-28
France,'16,Not Employed,12.8,Extra-EU-28
France,'16,Employed,3.8,Foreign country
France,'16,Not Employed,12.5,Foreign country
France,'16,Employed,2.8,Reporting country
France,'16,Not Employed,5.4,Reporting country
France,'16,Employed,2.9,Total
France,'16,Not Employed,5.9,Total
Finland,'06,Employed,5.3,Reporting country
Finland,'06,Not Employed,4.1,Reporting country
Finland,'07,Employed,5.1,Reporting country
Finland,'07,Not Employed,3.7,Reporting country
Finland,'08,Employed,5.4,Reporting country
Finland,'08,Not Employed,4.1,Reporting country
Finland,'09,Not Employed,13.8,Foreign country
Finland,'09,Employed,4.3,Reporting country
Finland,'09,Not Employed,5,Reporting country
Finland,'10,Not Employed,12.7,Extra-EU-28
Finland,'10,Not Employed,12.3,Foreign country
Finland,'10,Employed,4.6,Reporting country
Finland,'10,Not Employed,5,Reporting country
Finland,'10,Employed,4.9,Total
Finland,'10,Not Employed,5.4,Total
Finland,'11,Not Employed,12.6,Foreign country
Finland,'11,Employed,4.5,Reporting country
Finland,'11,Not Employed,4.7,Reporting country
Finland,'11,Employed,4.7,Total
Finland,'11,Not Employed,5.1,Total
Finland,'12,Employed,4.1,Reporting country
Finland,'12,Not Employed,4.5,Reporting country
Finland,'12,Employed,4.2,Total
Finland,'12,Not Employed,4.8,Total
Finland,'13,Not Employed,11.5,Foreign country
Finland,'13,Employed,3.6,Reporting country
Finland,'13,Not Employed,5.3,Reporting country
Finland,'13,Employed,3.7,Total
Finland,'13,Not Employed,5.6,Total
Finland,'14,Not Employed,11.3,Foreign country
Finland,'14,Employed,3.7,Reporting country
Finland,'14,Not Employed,5.4,Reporting country
Finland,'14,Employed,3.9,Total
Finland,'14,Not Employed,5.7,Total
Finland,'15,Employed,3.3,Reporting country
Finland,'15,Not Employed,5.5,Reporting country
Finland,'15,Employed,3.5,Total
Finland,'15,Not Employed,5.7,Total
Finland,'16,Not Employed,10.2,Foreign country
Finland,'16,Employed,3,Reporting country
Finland,'16,Not Employed,4.5,Reporting country
Finland,'16,Employed,3.1,Total
Finland,'16,Not Employed,4.8,Total
EU-28,'06,Employed,14.8,EU-28
EU-28,'06,Not Employed,7.4,EU-28
EU-28,'06,Employed,16,Extra-EU-28
EU-28,'06,Not Employed,12.3,Extra-EU-28
EU-28,'06,Employed,15.7,Foreign country
EU-28,'06,Not Employed,10.9,Foreign country
EU-28,'06,Employed,7.9,Reporting country
EU-28,'06,Not Employed,6.4,Reporting country
EU-28,'07,Employed,14.3,EU-28
EU-28,'07,Not Employed,7.7,EU-28
EU-28,'07,Employed,16.6,Extra-EU-28
EU-28,'07,Not Employed,12.1,Extra-EU-28
EU-28,'07,Employed,15.9,Foreign country
EU-28,'07,Not Employed,10.8,Foreign country
EU-28,'07,Employed,7.8,Reporting country
EU-28,'07,Not Employed,6.1,Reporting country
EU-28,'08,Employed,14.2,EU-28
EU-28,'08,Not Employed,9.4,EU-28
EU-28,'08,Employed,15.9,Extra-EU-28
EU-28,'08,Not Employed,13.9,Extra-EU-28
EU-28,'08,Employed,15.4,Foreign country
EU-28,'08,Not Employed,12.5,Foreign country
EU-28,'08,Employed,7.3,Reporting country
EU-28,'08,Not Employed,6.1,Reporting country
EU-28,'09,Employed,14.2,EU-28
EU-28,'09,Not Employed,10.6,EU-28
EU-28,'09,Employed,12.6,Extra-EU-28
EU-28,'09,Not Employed,16,Extra-EU-28
EU-28,'09,Employed,13,Foreign country
EU-28,'09,Not Employed,14.4,Foreign country
EU-28,'09,Employed,6.3,Reporting country
EU-28,'09,Not Employed,6.8,Reporting country
EU-28,'10,Employed,12.7,EU-28
EU-28,'10,Not Employed,9.8,EU-28
EU-28,'10,Employed,11.7,Extra-EU-28
EU-28,'10,Not Employed,16,Extra-EU-28
EU-28,'10,Employed,11.8,Foreign country
EU-28,'10,Not Employed,13.8,Foreign country
EU-28,'10,Employed,5.9,Reporting country
EU-28,'10,Not Employed,6.9,Reporting country
EU-28,'10,Employed,6.4,Total
EU-28,'10,Not Employed,7.5,Total
EU-28,'11,Employed,12.1,EU-28
EU-28,'11,Not Employed,10.1,EU-28
EU-28,'11,Employed,11.3,Extra-EU-28
EU-28,'11,Not Employed,15.3,Extra-EU-28
EU-28,'11,Employed,11.4,Foreign country
EU-28,'11,Not Employed,13.3,Foreign country
EU-28,'11,Employed,5.4,Reporting country
EU-28,'11,Not Employed,6.9,Reporting country
EU-28,'11,Employed,6,Total
EU-28,'11,Not Employed,7.4,Total
EU-28,'12,Employed,10.5,EU-28
EU-28,'12,Not Employed,11.8,EU-28
EU-28,'12,Employed,10,Extra-EU-28
EU-28,'12,Not Employed,16,Extra-EU-28
EU-28,'12,Employed,10.1,Foreign country
EU-28,'12,Not Employed,14,Foreign country
EU-28,'12,Employed,4.8,Reporting country
EU-28,'12,Not Employed,6.8,Reporting country
EU-28,'12,Employed,5.3,Total
EU-28,'12,Not Employed,7.4,Total
EU-28,'13,Employed,9,EU-28
EU-28,'13,Not Employed,11.7,EU-28
EU-28,'13,Employed,8.4,Extra-EU-28
EU-28,'13,Not Employed,14.7,Extra-EU-28
EU-28,'13,Employed,8.8,Foreign country
EU-28,'13,Not Employed,13.1,Foreign country
EU-28,'13,Employed,4.4,Reporting country
EU-28,'13,Not Employed,6.5,Reporting country
EU-28,'13,Employed,4.8,Total
EU-28,'13,Not Employed,7.1,Total
EU-28,'14,Employed,8.6,EU-28
EU-28,'14,Not Employed,9.6,EU-28
EU-28,'14,Employed,7.8,Extra-EU-28
EU-28,'14,Not Employed,13.5,Extra-EU-28
EU-28,'14,Employed,8.2,Foreign country
EU-28,'14,Not Employed,12,Foreign country
EU-28,'14,Employed,4.2,Reporting country
EU-28,'14,Not Employed,6.2,Reporting country
EU-28,'14,Employed,4.5,Total
EU-28,'14,Not Employed,6.7,Total
EU-28,'15,Employed,8.6,EU-28
EU-28,'15,Not Employed,8.6,EU-28
EU-28,'15,Employed,7.7,Extra-EU-28
EU-28,'15,Not Employed,12.2,Extra-EU-28
EU-28,'15,Employed,8.2,Foreign country
EU-28,'15,Not Employed,11.2,Foreign country
EU-28,'15,Employed,4.2,Reporting country
EU-28,'15,Not Employed,5.9,Reporting country
EU-28,'15,Employed,4.6,Total
EU-28,'15,Not Employed,6.4,Total
EU-28,'16,Employed,9,EU-28
EU-28,'16,Not Employed,8.5,EU-28
EU-28,'16,Employed,7.4,Extra-EU-28
EU-28,'16,Not Employed,12,Extra-EU-28
EU-28,'16,Employed,8.2,Foreign country
EU-28,'16,Not Employed,11.5,Foreign country
EU-28,'16,Employed,4.1,Reporting country
EU-28,'16,Not Employed,5.6,Reporting country
EU-28,'16,Employed,4.5,Total
EU-28,'16,Not Employed,6.2,Total
Estonia,'06,Employed,9.2,Reporting country
Estonia,'06,Not Employed,4.4,Reporting country
Estonia,'07,Employed,9,Reporting country
Estonia,'07,Not Employed,5.6,Reporting country
Estonia,'08,Employed,9.8,Reporting country
Estonia,'08,Not Employed,4.4,Reporting country
Estonia,'09,Employed,5.9,Reporting country
Estonia,'09,Not Employed,7.9,Reporting country
Estonia,'10,Employed,4,Reporting country
Estonia,'10,Not Employed,7.1,Reporting country
Estonia,'10,Employed,3.9,Total
Estonia,'10,Not Employed,7.1,Total
Estonia,'11,Employed,5.6,Reporting country
Estonia,'11,Not Employed,5.1,Reporting country
Estonia,'11,Employed,5.5,Total
Estonia,'11,Not Employed,5.2,Total
Estonia,'12,Employed,5.2,Reporting country
Estonia,'12,Not Employed,5.2,Reporting country
Estonia,'12,Employed,5.2,Total
Estonia,'12,Not Employed,5.1,Total
Estonia,'13,Employed,5.2,Reporting country
Estonia,'13,Not Employed,4.5,Reporting country
Estonia,'13,Employed,5.3,Total
Estonia,'13,Not Employed,4.4,Total
Estonia,'14,Employed,7,Reporting country
Estonia,'14,Not Employed,5,Reporting country
Estonia,'14,Employed,7,Total
Estonia,'14,Not Employed,4.9,Total
Estonia,'15,Employed,7.1,Reporting country
Estonia,'15,Not Employed,5.3,Reporting country
Estonia,'15,Employed,7,Total
Estonia,'15,Not Employed,5.2,Total
Estonia,'16,Employed,6.8,Reporting country
Estonia,'16,Not Employed,4.2,Reporting country
Estonia,'16,Employed,6.8,Total
Estonia,'16,Not Employed,4.1,Total
Denmark,'06,Employed,12.5,Extra-EU-28
Denmark,'06,Employed,12,Foreign country
Denmark,'06,Employed,6.7,Reporting country
Denmark,'06,Not Employed,1.9,Reporting country
Denmark,'07,Employed,13.6,Extra-EU-28
Denmark,'07,Not Employed,7.1,Extra-EU-28
Denmark,'07,Employed,13.6,Foreign country
Denmark,'07,Not Employed,6.3,Foreign country
Denmark,'07,Employed,9.1,Reporting country
Denmark,'07,Not Employed,3,Reporting country
Denmark,'08,Employed,12.1,Extra-EU-28
Denmark,'08,Not Employed,8.7,Extra-EU-28
Denmark,'08,Employed,10.5,Foreign country
Denmark,'08,Not Employed,7.8,Foreign country
Denmark,'08,Employed,8.8,Reporting country
Denmark,'08,Not Employed,3.1,Reporting country
Denmark,'09,Employed,10,Extra-EU-28
Denmark,'09,Employed,9.1,Foreign country
Denmark,'09,Not Employed,6.7,Foreign country
Denmark,'09,Employed,7.6,Reporting country
Denmark,'09,Not Employed,3.4,Reporting country
Denmark,'10,Employed,8.3,Extra-EU-28
Denmark,'10,Not Employed,8.7,Extra-EU-28
Denmark,'10,Employed,8.4,Foreign country
Denmark,'10,Not Employed,8.3,Foreign country
Denmark,'10,Employed,6.3,Reporting country
Denmark,'10,Not Employed,4.3,Reporting country
Denmark,'10,Employed,6.4,Total
Denmark,'10,Not Employed,4.6,Total
Denmark,'11,Not Employed,7.4,Extra-EU-28
Denmark,'11,Employed,6.4,Foreign country
Denmark,'11,Not Employed,6.5,Foreign country
Denmark,'11,Employed,5.3,Reporting country
Denmark,'11,Not Employed,4,Reporting country
Denmark,'11,Employed,5.4,Total
Denmark,'11,Not Employed,4.2,Total
Denmark,'12,Not Employed,5.1,Foreign country
Denmark,'12,Employed,4.4,Reporting country
Denmark,'12,Not Employed,4.5,Reporting country
Denmark,'12,Employed,4.5,Total
Denmark,'12,Not Employed,4.6,Total
Denmark,'13,Employed,4.1,Reporting country
Denmark,'13,Not Employed,3.9,Reporting country
Denmark,'13,Employed,4.2,Total
Denmark,'13,Not Employed,3.9,Total
Denmark,'14,Employed,3.6,Reporting country
Denmark,'14,Not Employed,4.1,Reporting country
Denmark,'14,Employed,3.7,Total
Denmark,'14,Not Employed,4.1,Total
Denmark,'15,Employed,4.7,Foreign country
Denmark,'15,Employed,3.7,Reporting country
Denmark,'15,Not Employed,4,Reporting country
Denmark,'15,Employed,3.8,Total
Denmark,'15,Not Employed,4,Total
Denmark,'16,Employed,3.4,Reporting country
Denmark,'16,Not Employed,3.8,Reporting country
Denmark,'16,Employed,3.5,Total
Denmark,'16,Not Employed,3.8,Total
Czech Republic,'06,Employed,12,EU-28
Czech Republic,'06,Not Employed,15,EU-28
Czech Republic,'06,Employed,7.8,Foreign country
Czech Republic,'06,Not Employed,12.9,Foreign country
Czech Republic,'06,Employed,1.8,Reporting country
Czech Republic,'06,Not Employed,3.1,Reporting country
Czech Republic,'07,Not Employed,8.6,EU-28
Czech Republic,'07,Employed,5.6,Foreign country
Czech Republic,'07,Not Employed,8.2,Foreign country
Czech Republic,'07,Employed,2.2,Reporting country
Czech Republic,'07,Not Employed,2.8,Reporting country
Czech Republic,'08,Employed,4.7,EU-28
Czech Republic,'08,Not Employed,7.7,EU-28
Czech Republic,'08,Employed,3.8,Foreign country
Czech Republic,'08,Not Employed,6.5,Foreign country
Czech Republic,'08,Employed,2.1,Reporting country
Czech Republic,'08,Not Employed,3.3,Reporting country
Czech Republic,'09,Not Employed,12.4,EU-28
Czech Republic,'09,Not Employed,9.6,Extra-EU-28
Czech Republic,'09,Employed,3.7,Foreign country
Czech Republic,'09,Not Employed,11.4,Foreign country
Czech Republic,'09,Employed,2,Reporting country
Czech Republic,'09,Not Employed,3.2,Reporting country
Czech Republic,'10,Employed,5.7,EU-28
Czech Republic,'10,Not Employed,7.9,EU-28
Czech Republic,'10,Employed,10.5,Extra-EU-28
Czech Republic,'10,Employed,7.8,Foreign country
Czech Republic,'10,Not Employed,5.4,Foreign country
Czech Republic,'10,Employed,1.6,Reporting country
Czech Republic,'10,Not Employed,3.1,Reporting country
Czech Republic,'10,Employed,1.7,Total
Czech Republic,'10,Not Employed,3.2,Total
Czech Republic,'11,Not Employed,9.4,EU-28
Czech Republic,'11,Employed,3.7,Foreign country
Czech Republic,'11,Not Employed,6.7,Foreign country
Czech Republic,'11,Employed,1.6,Reporting country
Czech Republic,'11,Not Employed,3.2,Reporting country
Czech Republic,'11,Employed,1.6,Total
Czech Republic,'11,Not Employed,3.3,Total
Czech Republic,'12,Not Employed,9.3,EU-28
Czech Republic,'12,Not Employed,7.2,Foreign country
Czech Republic,'12,Employed,1.7,Reporting country
Czech Republic,'12,Not Employed,3.7,Reporting country
Czech Republic,'12,Employed,1.7,Total
Czech Republic,'12,Not Employed,3.8,Total
Czech Republic,'13,Employed,12.3,Extra-EU-28
Czech Republic,'13,Employed,6.8,Foreign country
Czech Republic,'13,Employed,1.9,Reporting country
Czech Republic,'13,Not Employed,3.5,Reporting country
Czech Republic,'13,Employed,2,Total
Czech Republic,'13,Not Employed,3.5,Total
Czech Republic,'14,Employed,9.2,Extra-EU-28
Czech Republic,'14,Employed,6.8,Foreign country
Czech Republic,'14,Employed,2.2,Reporting country
Czech Republic,'14,Not Employed,3.2,Reporting country
Czech Republic,'14,Employed,2.3,Total
Czech Republic,'14,Not Employed,3.2,Total
Czech Republic,'15,Employed,7.5,EU-28
Czech Republic,'15,Employed,6.1,Foreign country
Czech Republic,'15,Not Employed,4.5,Foreign country
Czech Republic,'15,Employed,2.1,Reporting country
Czech Republic,'15,Not Employed,4,Reporting country
Czech Republic,'15,Employed,2.2,Total
Czech Republic,'15,Not Employed,4,Total
Czech Republic,'16,Employed,10.6,Extra-EU-28
Czech Republic,'16,Employed,7.7,Foreign country
Czech Republic,'16,Employed,2.6,Reporting country
Czech Republic,'16,Not Employed,3.9,Reporting country
Czech Republic,'16,Employed,2.7,Total
Czech Republic,'16,Not Employed,3.9,Total
Cyprus,'06,Employed,24.1,Extra-EU-28
Cyprus,'06,Employed,18,Foreign country
Cyprus,'06,Not Employed,5.2,Foreign country
Cyprus,'06,Employed,10.5,Reporting country
Cyprus,'06,Not Employed,2.8,Reporting country
Cyprus,'07,Employed,20.6,Extra-EU-28
Cyprus,'07,Employed,16.5,Foreign country
Cyprus,'07,Employed,7.7,Reporting country
Cyprus,'07,Not Employed,3,Reporting country
Cyprus,'08,Employed,14.2,EU-28
Cyprus,'08,Employed,20.1,Extra-EU-28
Cyprus,'08,Not Employed,7.4,Extra-EU-28
Cyprus,'08,Employed,18.1,Foreign country
Cyprus,'08,Not Employed,6.9,Foreign country
Cyprus,'08,Employed,7.1,Reporting country
Cyprus,'08,Not Employed,3.1,Reporting country
Cyprus,'09,Employed,14.3,EU-28
Cyprus,'09,Employed,19,Extra-EU-28
Cyprus,'09,Not Employed,6.8,Extra-EU-28
Cyprus,'09,Employed,17,Foreign country
Cyprus,'09,Not Employed,6,Foreign country
Cyprus,'09,Employed,5.9,Reporting country
Cyprus,'09,Not Employed,1.9,Reporting country
Cyprus,'10,Employed,17.8,EU-28
Cyprus,'10,Not Employed,6.9,EU-28
Cyprus,'10,Employed,21.6,Extra-EU-28
Cyprus,'10,Not Employed,6,Extra-EU-28
Cyprus,'10,Employed,19.8,Foreign country
Cyprus,'10,Not Employed,6.4,Foreign country
Cyprus,'10,Employed,5.3,Reporting country
Cyprus,'10,Not Employed,2.1,Reporting country
Cyprus,'10,Employed,9.4,Total
Cyprus,'10,Not Employed,3.3,Total
Cyprus,'11,Employed,11.6,EU-28
Cyprus,'11,Not Employed,6.5,EU-28
Cyprus,'11,Employed,19.3,Extra-EU-28
Cyprus,'11,Not Employed,6.2,Extra-EU-28
Cyprus,'11,Employed,15.4,Foreign country
Cyprus,'11,Not Employed,6.4,Foreign country
Cyprus,'11,Employed,4.8,Reporting country
Cyprus,'11,Not Employed,2.4,Reporting country
Cyprus,'11,Employed,7.8,Total
Cyprus,'11,Not Employed,3.5,Total
Cyprus,'12,Employed,12.9,EU-28
Cyprus,'12,Not Employed,8.7,EU-28
Cyprus,'12,Employed,14.6,Extra-EU-28
Cyprus,'12,Employed,13.6,Foreign country
Cyprus,'12,Not Employed,7,Foreign country
Cyprus,'12,Employed,3.3,Reporting country
Cyprus,'12,Not Employed,4.7,Reporting country
Cyprus,'12,Employed,6,Total
Cyprus,'12,Not Employed,5.3,Total
Cyprus,'13,Employed,7.9,EU-28
Cyprus,'13,Employed,15.6,Extra-EU-28
Cyprus,'13,Employed,11.6,Foreign country
Cyprus,'13,Not Employed,4.8,Foreign country
Cyprus,'13,Employed,2.3,Reporting country
Cyprus,'13,Not Employed,4.9,Reporting country
Cyprus,'13,Employed,4.2,Total
Cyprus,'13,Not Employed,4.9,Total
Cyprus,'14,Employed,25,Extra-EU-28
Cyprus,'14,Employed,16.4,Foreign country
Cyprus,'14,Employed,1.9,Reporting country
Cyprus,'14,Not Employed,2.7,Reporting country
Cyprus,'14,Employed,4,Total
Cyprus,'14,Not Employed,2.8,Total
Cyprus,'15,Employed,14.8,Extra-EU-28
Cyprus,'15,Employed,10.8,Foreign country
Cyprus,'15,Not Employed,6,Foreign country
Cyprus,'15,Not Employed,2.3,Reporting country
Cyprus,'15,Employed,2.3,Total
Cyprus,'15,Not Employed,2.9,Total
Cyprus,'16,Employed,8.1,EU-28
Cyprus,'16,Employed,17.7,Extra-EU-28
Cyprus,'16,Employed,13.3,Foreign country
Cyprus,'16,Not Employed,4.9,Foreign country
Cyprus,'16,Employed,1.4,Reporting country
Cyprus,'16,Not Employed,3.2,Reporting country
Cyprus,'16,Employed,4.1,Total
Cyprus,'16,Not Employed,3.6,Total
Croatia,'06,Employed,1.6,Reporting country
Croatia,'06,Not Employed,2.7,Reporting country
Croatia,'07,Employed,2.2,Reporting country
Croatia,'07,Not Employed,2.4,Reporting country
Croatia,'08,Not Employed,5.3,Extra-EU-28
Croatia,'08,Not Employed,5,Foreign country
Croatia,'08,Employed,1.9,Reporting country
Croatia,'08,Not Employed,2.4,Reporting country
Croatia,'09,Not Employed,3.9,Extra-EU-28
Croatia,'09,Not Employed,3.7,Foreign country
Croatia,'09,Employed,1.7,Reporting country
Croatia,'09,Not Employed,3.6,Reporting country
Croatia,'10,Not Employed,5,Extra-EU-28
Croatia,'10,Not Employed,4.6,Foreign country
Croatia,'10,Employed,1.5,Reporting country
Croatia,'10,Not Employed,3.8,Reporting country
Croatia,'10,Employed,1.3,Total
Croatia,'10,Not Employed,3.9,Total
Croatia,'11,Employed,1.3,Reporting country
Croatia,'11,Not Employed,3.6,Reporting country
Croatia,'11,Employed,1.4,Total
Croatia,'11,Not Employed,3.6,Total
Croatia,'12,Employed,1.4,Reporting country
Croatia,'12,Not Employed,3.8,Reporting country
Croatia,'12,Employed,1.3,Total
Croatia,'12,Not Employed,3.8,Total
Croatia,'13,Not Employed,10.9,Extra-EU-28
Croatia,'13,Not Employed,10,Foreign country
Croatia,'13,Employed,0.5,Reporting country
Croatia,'13,Not Employed,3.5,Reporting country
Croatia,'13,Employed,0.6,Total
Croatia,'13,Not Employed,3.9,Total
Croatia,'14,Employed,0.6,Reporting country
Croatia,'14,Not Employed,2.1,Reporting country
Croatia,'14,Employed,0.6,Total
Croatia,'14,Not Employed,2.1,Total
Croatia,'15,Employed,0.6,Reporting country
Croatia,'15,Not Employed,2,Reporting country
Croatia,'15,Employed,0.6,Total
Croatia,'15,Not Employed,2.1,Total
Croatia,'16,Employed,0.7,Reporting country
Croatia,'16,Not Employed,2.1,Reporting country
Croatia,'16,Employed,0.7,Total
Croatia,'16,Not Employed,2,Total
Bulgaria,'06,Employed,4.6,Reporting country
Bulgaria,'06,Not Employed,12.8,Reporting country
Bulgaria,'07,Employed,4.7,Reporting country
Bulgaria,'07,Not Employed,10.3,Reporting country
Bulgaria,'08,Employed,4.6,Reporting country
Bulgaria,'08,Not Employed,10.2,Reporting country
Bulgaria,'09,Employed,4,Reporting country
Bulgaria,'09,Not Employed,10.8,Reporting country
Bulgaria,'10,Employed,3,Reporting country
Bulgaria,'10,Not Employed,9.8,Reporting country
Bulgaria,'10,Employed,2.9,Total
Bulgaria,'10,Not Employed,9.7,Total
Bulgaria,'11,Employed,2.2,Reporting country
Bulgaria,'11,Not Employed,9.7,Reporting country
Bulgaria,'11,Employed,2.2,Total
Bulgaria,'11,Not Employed,9.6,Total
Bulgaria,'12,Employed,2.7,Reporting country
Bulgaria,'12,Not Employed,9.9,Reporting country
Bulgaria,'12,Employed,2.7,Total
Bulgaria,'12,Not Employed,9.9,Total
Bulgaria,'13,Employed,2.5,Reporting country
Bulgaria,'13,Not Employed,10,Reporting country
Bulgaria,'13,Employed,2.5,Total
Bulgaria,'13,Not Employed,10,Total
Bulgaria,'14,Employed,2.4,Reporting country
Bulgaria,'14,Not Employed,10.5,Reporting country
Bulgaria,'14,Employed,2.4,Total
Bulgaria,'14,Not Employed,10.4,Total
Bulgaria,'15,Employed,2.9,Reporting country
Bulgaria,'15,Not Employed,10.6,Reporting country
Bulgaria,'15,Employed,2.9,Total
Bulgaria,'15,Not Employed,10.5,Total
Bulgaria,'16,Employed,3.2,Reporting country
Bulgaria,'16,Not Employed,10.6,Reporting country
Bulgaria,'16,Employed,3.2,Total
Bulgaria,'16,Not Employed,10.6,Total
Belgium,'06,Employed,7.3,EU-28
Belgium,'06,Not Employed,10.5,EU-28
Belgium,'06,Employed,8.8,Extra-EU-28
Belgium,'06,Not Employed,17.7,Extra-EU-28
Belgium,'06,Employed,8.2,Foreign country
Belgium,'06,Not Employed,15,Foreign country
Belgium,'06,Employed,6.1,Reporting country
Belgium,'06,Not Employed,5.3,Reporting country
Belgium,'07,Employed,9,EU-28
Belgium,'07,Not Employed,9.2,EU-28
Belgium,'07,Employed,9.3,Extra-EU-28
Belgium,'07,Not Employed,21.3,Extra-EU-28
Belgium,'07,Employed,9.2,Foreign country
Belgium,'07,Not Employed,16.9,Foreign country
Belgium,'07,Employed,5.6,Reporting country
Belgium,'07,Not Employed,5.1,Reporting country
Belgium,'08,Employed,10.5,EU-28
Belgium,'08,Not Employed,9.3,EU-28
Belgium,'08,Employed,7.8,Extra-EU-28
Belgium,'08,Not Employed,17.5,Extra-EU-28
Belgium,'08,Employed,8.9,Foreign country
Belgium,'08,Not Employed,14.1,Foreign country
Belgium,'08,Employed,5.6,Reporting country
Belgium,'08,Not Employed,5.1,Reporting country
Belgium,'09,Employed,7.5,EU-28
Belgium,'09,Not Employed,8.2,EU-28
Belgium,'09,Employed,8.4,Extra-EU-28
Belgium,'09,Not Employed,15,Extra-EU-28
Belgium,'09,Employed,8,Foreign country
Belgium,'09,Not Employed,12.5,Foreign country
Belgium,'09,Employed,4.8,Reporting country
Belgium,'09,Not Employed,5.2,Reporting country
Belgium,'10,Employed,7.5,EU-28
Belgium,'10,Not Employed,9.6,EU-28
Belgium,'10,Employed,8.9,Extra-EU-28
Belgium,'10,Not Employed,16.1,Extra-EU-28
Belgium,'10,Employed,8.3,Foreign country
Belgium,'10,Not Employed,13.6,Foreign country
Belgium,'10,Employed,5,Reporting country
Belgium,'10,Not Employed,5.7,Reporting country
Belgium,'10,Employed,5.3,Total
Belgium,'10,Not Employed,6.6,Total
Belgium,'11,Employed,9.2,EU-28
Belgium,'11,Not Employed,9.6,EU-28
Belgium,'11,Employed,8.7,Extra-EU-28
Belgium,'11,Not Employed,17.6,Extra-EU-28
Belgium,'11,Employed,8.9,Foreign country
Belgium,'11,Not Employed,14.4,Foreign country
Belgium,'11,Employed,5.3,Reporting country
Belgium,'11,Not Employed,5.6,Reporting country
Belgium,'11,Employed,5.7,Total
Belgium,'11,Not Employed,6.6,Total
Belgium,'12,Employed,9,EU-28
Belgium,'12,Not Employed,8.4,EU-28
Belgium,'12,Employed,6.6,Extra-EU-28
Belgium,'12,Not Employed,19.5,Extra-EU-28
Belgium,'12,Employed,7.6,Foreign country
Belgium,'12,Not Employed,15.1,Foreign country
Belgium,'12,Employed,5,Reporting country
Belgium,'12,Not Employed,5.5,Reporting country
Belgium,'12,Employed,5.3,Total
Belgium,'12,Not Employed,6.6,Total
Belgium,'13,Employed,7.6,EU-28
Belgium,'13,Not Employed,9.3,EU-28
Belgium,'13,Employed,5.6,Extra-EU-28
Belgium,'13,Not Employed,18.9,Extra-EU-28
Belgium,'13,Employed,6.4,Foreign country
Belgium,'13,Not Employed,15.4,Foreign country
Belgium,'13,Employed,3.8,Reporting country
Belgium,'13,Not Employed,5.7,Reporting country
Belgium,'13,Employed,4.1,Total
Belgium,'13,Not Employed,6.9,Total
Belgium,'14,Employed,4.4,EU-28
Belgium,'14,Not Employed,10.4,EU-28
Belgium,'14,Employed,5.7,Extra-EU-28
Belgium,'14,Not Employed,13.8,Extra-EU-28
Belgium,'14,Employed,5.1,Foreign country
Belgium,'14,Not Employed,12.3,Foreign country
Belgium,'14,Employed,3.7,Reporting country
Belgium,'14,Not Employed,5,Reporting country
Belgium,'14,Employed,3.9,Total
Belgium,'14,Not Employed,5.9,Total
Belgium,'15,Employed,5.8,EU-28
Belgium,'15,Not Employed,10.4,EU-28
Belgium,'15,Employed,6.2,Extra-EU-28
Belgium,'15,Not Employed,13.3,Extra-EU-28
Belgium,'15,Employed,6,Foreign country
Belgium,'15,Not Employed,12.1,Foreign country
Belgium,'15,Employed,3.4,Reporting country
Belgium,'15,Not Employed,5.6,Reporting country
Belgium,'15,Employed,3.7,Total
Belgium,'15,Not Employed,6.4,Total
Belgium,'16,Employed,8.4,EU-28
Belgium,'16,Not Employed,7.6,EU-28
Belgium,'16,Employed,6,Extra-EU-28
Belgium,'16,Not Employed,12.9,Extra-EU-28
Belgium,'16,Employed,7,Foreign country
Belgium,'16,Not Employed,10.9,Foreign country
Belgium,'16,Employed,3.2,Reporting country
Belgium,'16,Not Employed,4.4,Reporting country
Belgium,'16,Employed,3.7,Total
Belgium,'16,Not Employed,5.2,Total
Austria,'06,Employed,16.1,Extra-EU-28
Austria,'06,Not Employed,14.3,Extra-EU-28
Austria,'06,Employed,13.9,Foreign country
Austria,'06,Not Employed,12.2,Foreign country
Austria,'06,Employed,4.3,Reporting country
Austria,'06,Not Employed,2.9,Reporting country
Austria,'07,Employed,12.1,EU-28
Austria,'07,Employed,18.6,Extra-EU-28
Austria,'07,Not Employed,13.4,Extra-EU-28
Austria,'07,Employed,16.7,Foreign country
Austria,'07,Not Employed,11.2,Foreign country
Austria,'07,Employed,4.6,Reporting country
Austria,'07,Not Employed,3.1,Reporting country
Austria,'08,Employed,18.7,Extra-EU-28
Austria,'08,Not Employed,13,Extra-EU-28
Austria,'08,Employed,14.5,Foreign country
Austria,'08,Not Employed,10.1,Foreign country
Austria,'08,Employed,4.3,Reporting country
Austria,'08,Not Employed,3,Reporting country
Austria,'09,Employed,13.8,Extra-EU-28
Austria,'09,Not Employed,13.7,Extra-EU-28
Austria,'09,Employed,11.1,Foreign country
Austria,'09,Not Employed,11,Foreign country
Austria,'09,Employed,3.4,Reporting country
Austria,'09,Not Employed,3,Reporting country
Austria,'10,Employed,14.5,Extra-EU-28
Austria,'10,Not Employed,11.4,Extra-EU-28
Austria,'10,Employed,11.6,Foreign country
Austria,'10,Not Employed,9.6,Foreign country
Austria,'10,Employed,3.3,Reporting country
Austria,'10,Not Employed,2.5,Reporting country
Austria,'10,Employed,4.7,Total
Austria,'10,Not Employed,3.7,Total
Austria,'11,Employed,15.3,Extra-EU-28
Austria,'11,Not Employed,10.8,Extra-EU-28
Austria,'11,Employed,11.5,Foreign country
Austria,'11,Not Employed,8.4,Foreign country
Austria,'11,Employed,3.2,Reporting country
Austria,'11,Not Employed,3.2,Reporting country
Austria,'11,Employed,4.5,Total
Austria,'11,Not Employed,4,Total
Austria,'12,Employed,12,Extra-EU-28
Austria,'12,Not Employed,10,Extra-EU-28
Austria,'12,Employed,9.4,Foreign country
Austria,'12,Not Employed,8.2,Foreign country
Austria,'12,Employed,3.2,Reporting country
Austria,'12,Not Employed,3,Reporting country
Austria,'12,Employed,4,Total
Austria,'12,Not Employed,3.8,Total
Austria,'13,Employed,8.7,Extra-EU-28
Austria,'13,Not Employed,13.4,Extra-EU-28
Austria,'13,Employed,7.8,Foreign country
Austria,'13,Not Employed,10.6,Foreign country
Austria,'13,Employed,2.8,Reporting country
Austria,'13,Not Employed,3.1,Reporting country
Austria,'13,Employed,3.4,Total
Austria,'13,Not Employed,4.1,Total
Austria,'14,Employed,8.5,Extra-EU-28
Austria,'14,Not Employed,9.4,Extra-EU-28
Austria,'14,Employed,7.3,Foreign country
Austria,'14,Not Employed,7.6,Foreign country
Austria,'14,Employed,2.6,Reporting country
Austria,'14,Not Employed,3.1,Reporting country
Austria,'14,Employed,3.3,Total
Austria,'14,Not Employed,3.7,Total
Austria,'15,Not Employed,7.4,EU-28
Austria,'15,Employed,13,Extra-EU-28
Austria,'15,Not Employed,11.5,Extra-EU-28
Austria,'15,Employed,9.3,Foreign country
Austria,'15,Not Employed,9.7,Foreign country
Austria,'15,Employed,2.7,Reporting country
Austria,'15,Not Employed,2.9,Reporting country
Austria,'15,Employed,3.5,Total
Austria,'15,Not Employed,3.8,Total
Austria,'16,Employed,10.3,Extra-EU-28
Austria,'16,Not Employed,10.1,Extra-EU-28
Austria,'16,Employed,7.1,Foreign country
Austria,'16,Not Employed,7.6,Foreign country
Austria,'16,Employed,2.5,Reporting country
Austria,'16,Not Employed,3,Reporting country
Austria,'16,Employed,3.2,Total
Austria,'16,Not Employed,3.7,Total
 Macedonia*,'10,Employed,3.2,Total
 Macedonia*,'10,Not Employed,12.3,Total
 Macedonia*,'11,Employed,2.6,Total
 Macedonia*,'11,Not Employed,10.9,Total
 Macedonia*,'12,Employed,1.9,Total
 Macedonia*,'12,Not Employed,9.7,Total
 Macedonia*,'13,Not Employed,27.4,EU-28
 Macedonia*,'13,Not Employed,24.3,Extra-EU-28
 Macedonia*,'13,Employed,8.5,Foreign country
 Macedonia*,'13,Not Employed,26.2,Foreign country
 Macedonia*,'13,Employed,2.3,Reporting country
 Macedonia*,'13,Not Employed,8.4,Reporting country
 Macedonia*,'13,Employed,2.5,Total
 Macedonia*,'13,Not Employed,8.9,Total
 Macedonia*,'14,Not Employed,25.6,EU-28
 Macedonia*,'14,Employed,8.7,Foreign country
 Macedonia*,'14,Not Employed,20.8,Foreign country
 Macedonia*,'14,Employed,3,Reporting country
 Macedonia*,'14,Not Employed,9,Reporting country
 Macedonia*,'14,Employed,3.1,Total
 Macedonia*,'14,Not Employed,9.3,Total
 Macedonia*,'15,Not Employed,37.8,EU-28
 Macedonia*,'15,Not Employed,31.1,Foreign country
 Macedonia*,'15,Employed,3.3,Reporting country
 Macedonia*,'15,Not Employed,7.8,Reporting country
 Macedonia*,'15,Employed,3.2,Total
 Macedonia*,'15,Not Employed,8.2,Total
 Macedonia*,'16,Not Employed,34.2,EU-28
 Macedonia*,'16,Not Employed,26,Foreign country
 Macedonia*,'16,Employed,2.2,Reporting country
 Macedonia*,'16,Not Employed,7.3,Reporting country
 Macedonia*,'16,Employed,2.3,Total
 Macedonia*,'16,Not Employed,7.6,Total
,--,--,100,--
